,Movie_name,IMDB_rating,metascore,number_of_votes,year
0,Gladiator,8.5,67,"1,196,549",2000
1,Memento,8.5,80,"1,020,272",2000
2,Requiem for a Dream,8.3,68,"692,520",2000
3,X-Men,7.4,64,"530,117",2000
4,Cast Away,7.8,73,"468,328",2000
5,American Psycho,7.6,64,"425,746",2000
6,Unbreakable,7.3,62,"341,387",2000
7,Meet the Parents,7.0,73,"291,467",2000
8,"O Brother, Where Art Thou?",7.8,69,"262,699",2000
9,Wo hu cang long,7.9,93,"238,629",2000
10,The Patriot,7.2,63,"235,836",2000
11,Almost Famous,7.9,90,"233,467",2000
12,Amores perros,8.1,83,"205,499",2000
13,Traffic,7.6,86,"185,392",2000
14,Chocolat,7.3,64,"167,422",2000
15,Chicken Run,7.0,88,"162,449",2000
16,The Emperor's New Groove,7.4,70,"158,452",2000
17,Batoru rowaiaru,7.7,81,"158,279",2000
18,Erin Brockovich,7.3,73,"157,654",2000
19,High Fidelity,7.5,79,"157,583",2000
20,Billy Elliot,7.7,74,"113,863",2000
21,Shanghai Noon,6.6,77,"111,033",2000
22,Faa yeung nin wa,8.1,85,"104,103",2000
23,Frequency,7.4,67,"93,960",2000
24,Gladiator,8.5,67,"1,196,549",2000
25,Memento,8.5,80,"1,020,272",2000
26,Requiem for a Dream,8.3,68,"692,520",2000
27,X-Men,7.4,64,"530,117",2000
28,Cast Away,7.8,73,"468,328",2000
29,American Psycho,7.6,64,"425,746",2000
30,Unbreakable,7.3,62,"341,387",2000
31,Meet the Parents,7.0,73,"291,467",2000
32,"O Brother, Where Art Thou?",7.8,69,"262,699",2000
33,Wo hu cang long,7.9,93,"238,629",2000
34,The Patriot,7.2,63,"235,836",2000
35,Almost Famous,7.9,90,"233,467",2000
36,Amores perros,8.1,83,"205,499",2000
37,Traffic,7.6,86,"185,392",2000
38,Chocolat,7.3,64,"167,422",2000
39,Chicken Run,7.0,88,"162,449",2000
40,The Emperor's New Groove,7.4,70,"158,452",2000
41,Batoru rowaiaru,7.7,81,"158,279",2000
42,Erin Brockovich,7.3,73,"157,654",2000
43,High Fidelity,7.5,79,"157,583",2000
44,Billy Elliot,7.7,74,"113,863",2000
45,Shanghai Noon,6.6,77,"111,033",2000
46,Faa yeung nin wa,8.1,85,"104,103",2000
47,Frequency,7.4,67,"93,960",2000
48,Gladiator,8.5,67,"1,196,549",2000
49,Memento,8.5,80,"1,020,272",2000
50,Requiem for a Dream,8.3,68,"692,520",2000
51,X-Men,7.4,64,"530,117",2000
52,Cast Away,7.8,73,"468,328",2000
53,American Psycho,7.6,64,"425,746",2000
54,Unbreakable,7.3,62,"341,387",2000
55,Meet the Parents,7.0,73,"291,467",2000
56,"O Brother, Where Art Thou?",7.8,69,"262,699",2000
57,Wo hu cang long,7.9,93,"238,629",2000
58,The Patriot,7.2,63,"235,836",2000
59,Almost Famous,7.9,90,"233,467",2000
60,Amores perros,8.1,83,"205,499",2000
61,Traffic,7.6,86,"185,392",2000
62,Chocolat,7.3,64,"167,422",2000
63,Chicken Run,7.0,88,"162,449",2000
64,The Emperor's New Groove,7.4,70,"158,452",2000
65,Batoru rowaiaru,7.7,81,"158,279",2000
66,Erin Brockovich,7.3,73,"157,654",2000
67,High Fidelity,7.5,79,"157,583",2000
68,Billy Elliot,7.7,74,"113,863",2000
69,Shanghai Noon,6.6,77,"111,033",2000
70,Faa yeung nin wa,8.1,85,"104,103",2000
71,Frequency,7.4,67,"93,960",2000
72,Gladiator,8.5,67,"1,196,549",2000
73,Memento,8.5,80,"1,020,272",2000
74,Requiem for a Dream,8.3,68,"692,520",2000
75,X-Men,7.4,64,"530,117",2000
76,Cast Away,7.8,73,"468,328",2000
77,American Psycho,7.6,64,"425,746",2000
78,Unbreakable,7.3,62,"341,387",2000
79,Meet the Parents,7.0,73,"291,467",2000
80,"O Brother, Where Art Thou?",7.8,69,"262,699",2000
81,Wo hu cang long,7.9,93,"238,629",2000
82,The Patriot,7.2,63,"235,836",2000
83,Almost Famous,7.9,90,"233,467",2000
84,Amores perros,8.1,83,"205,499",2000
85,Traffic,7.6,86,"185,392",2000
86,Chocolat,7.3,64,"167,422",2000
87,Chicken Run,7.0,88,"162,449",2000
88,The Emperor's New Groove,7.4,70,"158,452",2000
89,Batoru rowaiaru,7.7,81,"158,279",2000
90,Erin Brockovich,7.3,73,"157,654",2000
91,High Fidelity,7.5,79,"157,583",2000
92,Billy Elliot,7.7,74,"113,863",2000
93,Shanghai Noon,6.6,77,"111,033",2000
94,Faa yeung nin wa,8.1,85,"104,103",2000
95,Frequency,7.4,67,"93,960",2000
96,The Lord of the Rings: The Fellowship of the Ring,8.8,92,"1,490,123",2001
97,A Beautiful Mind,8.2,72,"762,478",2001
98,"Monsters, Inc.",8.1,78,"730,205",2001
99,Donnie Darko,8.1,88,"692,125",2001
100,Amélie,8.3,69,"645,181",2001
101,Harry Potter and the Sorcerer's Stone,7.6,64,"563,758",2001
102,Shrek,7.9,84,"555,998",2001
103,Sen to Chihiro no kamikakushi,8.6,96,"548,374",2001
104,Ocean's Eleven,7.8,74,"470,249",2001
105,Training Day,7.7,69,"353,909",2001
106,Black Hawk Down,7.7,74,"336,777",2001
107,The Others,7.6,74,"311,286",2001
108,Mulholland Dr.,8.0,83,"288,271",2001
109,Artificial Intelligence: AI,7.1,65,"272,552",2001
110,Moulin Rouge!,7.6,66,"250,539",2001
111,The Royal Tenenbaums,7.6,76,"244,165",2001
112,Zoolander,6.6,61,"229,597",2001
113,Bridget Jones's Diary,6.7,66,"204,629",2001
114,Spy Game,7.1,63,"134,446",2001
115,The Score,6.8,71,"112,563",2001
116,Y tu mamá también,7.7,88,"106,458",2001
117,Ghost World,7.4,88,"106,332",2001
118,The Lord of the Rings: The Fellowship of the Ring,8.8,92,"1,490,123",2001
119,A Beautiful Mind,8.2,72,"762,478",2001
120,"Monsters, Inc.",8.1,78,"730,205",2001
121,Donnie Darko,8.1,88,"692,125",2001
122,Amélie,8.3,69,"645,181",2001
123,Harry Potter and the Sorcerer's Stone,7.6,64,"563,758",2001
124,Shrek,7.9,84,"555,998",2001
125,Sen to Chihiro no kamikakushi,8.6,96,"548,374",2001
126,Ocean's Eleven,7.8,74,"470,249",2001
127,Training Day,7.7,69,"353,909",2001
128,Black Hawk Down,7.7,74,"336,777",2001
129,The Others,7.6,74,"311,286",2001
130,Mulholland Dr.,8.0,83,"288,271",2001
131,Artificial Intelligence: AI,7.1,65,"272,552",2001
132,Moulin Rouge!,7.6,66,"250,539",2001
133,The Royal Tenenbaums,7.6,76,"244,165",2001
134,Zoolander,6.6,61,"229,597",2001
135,Bridget Jones's Diary,6.7,66,"204,629",2001
136,Spy Game,7.1,63,"134,446",2001
137,The Score,6.8,71,"112,563",2001
138,Y tu mamá también,7.7,88,"106,458",2001
139,Ghost World,7.4,88,"106,332",2001
140,The Lord of the Rings: The Fellowship of the Ring,8.8,92,"1,490,123",2001
141,A Beautiful Mind,8.2,72,"762,478",2001
142,"Monsters, Inc.",8.1,78,"730,205",2001
143,Donnie Darko,8.1,88,"692,125",2001
144,Amélie,8.3,69,"645,181",2001
145,Harry Potter and the Sorcerer's Stone,7.6,64,"563,758",2001
146,Shrek,7.9,84,"555,998",2001
147,Sen to Chihiro no kamikakushi,8.6,96,"548,374",2001
148,Ocean's Eleven,7.8,74,"470,249",2001
149,Training Day,7.7,69,"353,909",2001
150,Black Hawk Down,7.7,74,"336,777",2001
151,The Others,7.6,74,"311,286",2001
152,Mulholland Dr.,8.0,83,"288,271",2001
153,Artificial Intelligence: AI,7.1,65,"272,552",2001
154,Moulin Rouge!,7.6,66,"250,539",2001
155,The Royal Tenenbaums,7.6,76,"244,165",2001
156,Zoolander,6.6,61,"229,597",2001
157,Bridget Jones's Diary,6.7,66,"204,629",2001
158,Spy Game,7.1,63,"134,446",2001
159,The Score,6.8,71,"112,563",2001
160,Y tu mamá también,7.7,88,"106,458",2001
161,Ghost World,7.4,88,"106,332",2001
162,The Lord of the Rings: The Fellowship of the Ring,8.8,92,"1,490,123",2001
163,A Beautiful Mind,8.2,72,"762,478",2001
164,"Monsters, Inc.",8.1,78,"730,205",2001
165,Donnie Darko,8.1,88,"692,125",2001
166,Amélie,8.3,69,"645,181",2001
167,Harry Potter and the Sorcerer's Stone,7.6,64,"563,758",2001
168,Shrek,7.9,84,"555,998",2001
169,Sen to Chihiro no kamikakushi,8.6,96,"548,374",2001
170,Ocean's Eleven,7.8,74,"470,249",2001
171,Training Day,7.7,69,"353,909",2001
172,Black Hawk Down,7.7,74,"336,777",2001
173,The Others,7.6,74,"311,286",2001
174,Mulholland Dr.,8.0,83,"288,271",2001
175,Artificial Intelligence: AI,7.1,65,"272,552",2001
176,Moulin Rouge!,7.6,66,"250,539",2001
177,The Royal Tenenbaums,7.6,76,"244,165",2001
178,Zoolander,6.6,61,"229,597",2001
179,Bridget Jones's Diary,6.7,66,"204,629",2001
180,Spy Game,7.1,63,"134,446",2001
181,The Score,6.8,71,"112,563",2001
182,Y tu mamá también,7.7,88,"106,458",2001
183,Ghost World,7.4,88,"106,332",2001
184,The Lord of the Rings: The Two Towers,8.7,87,"1,332,675",2002
185,Catch Me If You Can,8.1,75,"707,759",2002
186,Cidade de Deus,8.6,79,"636,958",2002
187,Spider-Man,7.3,73,"632,719",2002
188,The Pianist,8.5,85,"632,435",2002
189,Harry Potter and the Chamber of Secrets,7.4,63,"487,299",2002
190,The Bourne Identity,7.9,68,"471,862",2002
191,Minority Report,7.7,80,"465,906",2002
192,Gangs of New York,7.5,72,"368,491",2002
193,28 Days Later...,7.6,73,"342,990",2002
194,Insomnia,7.2,78,"251,858",2002
195,Panic Room,6.8,65,"235,442",2002
196,Road to Perdition,7.7,72,"226,894",2002
197,8 Mile,7.1,77,"226,630",2002
198,Chicago,7.2,82,"199,560",2002
199,Austin Powers in Goldmember,6.2,62,"182,759",2002
200,Ying xiong,7.9,85,"164,956",2002
201,Adaptation.,7.7,83,"164,156",2002
202,25th Hour,7.7,67,"162,104",2002
203,About a Boy,7.1,75,"159,762",2002
204,Lilo & Stitch,7.2,73,"148,080",2002
205,Bowling for Columbine,8.0,72,"134,368",2002
206,Punch-Drunk Love,7.3,78,"131,252",2002
207,We Were Soldiers,7.2,65,"120,026",2002
208,The Count of Monte Cristo,7.8,61,"119,326",2002
209,About Schmidt,7.2,85,"116,796",2002
210,The Hours,7.6,80,"115,900",2002
211,My Big Fat Greek Wedding,6.6,62,"112,980",2002
212,Mou gaan dou,8.1,75,"110,459",2002
213,The Lord of the Rings: The Two Towers,8.7,87,"1,332,675",2002
214,Catch Me If You Can,8.1,75,"707,759",2002
215,Cidade de Deus,8.6,79,"636,958",2002
216,Spider-Man,7.3,73,"632,719",2002
217,The Pianist,8.5,85,"632,435",2002
218,Harry Potter and the Chamber of Secrets,7.4,63,"487,299",2002
219,The Bourne Identity,7.9,68,"471,862",2002
220,Minority Report,7.7,80,"465,906",2002
221,Gangs of New York,7.5,72,"368,491",2002
222,28 Days Later...,7.6,73,"342,990",2002
223,Insomnia,7.2,78,"251,858",2002
224,Panic Room,6.8,65,"235,442",2002
225,Road to Perdition,7.7,72,"226,894",2002
226,8 Mile,7.1,77,"226,630",2002
227,Chicago,7.2,82,"199,560",2002
228,Austin Powers in Goldmember,6.2,62,"182,759",2002
229,Ying xiong,7.9,85,"164,956",2002
230,Adaptation.,7.7,83,"164,156",2002
231,25th Hour,7.7,67,"162,104",2002
232,About a Boy,7.1,75,"159,762",2002
233,Lilo & Stitch,7.2,73,"148,080",2002
234,Bowling for Columbine,8.0,72,"134,368",2002
235,Punch-Drunk Love,7.3,78,"131,252",2002
236,We Were Soldiers,7.2,65,"120,026",2002
237,The Count of Monte Cristo,7.8,61,"119,326",2002
238,About Schmidt,7.2,85,"116,796",2002
239,The Hours,7.6,80,"115,900",2002
240,My Big Fat Greek Wedding,6.6,62,"112,980",2002
241,Mou gaan dou,8.1,75,"110,459",2002
242,The Lord of the Rings: The Two Towers,8.7,87,"1,332,675",2002
243,Catch Me If You Can,8.1,75,"707,759",2002
244,Cidade de Deus,8.6,79,"636,958",2002
245,Spider-Man,7.3,73,"632,719",2002
246,The Pianist,8.5,85,"632,435",2002
247,Harry Potter and the Chamber of Secrets,7.4,63,"487,299",2002
248,The Bourne Identity,7.9,68,"471,862",2002
249,Minority Report,7.7,80,"465,906",2002
250,Gangs of New York,7.5,72,"368,491",2002
251,28 Days Later...,7.6,73,"342,990",2002
252,Insomnia,7.2,78,"251,858",2002
253,Panic Room,6.8,65,"235,442",2002
254,Road to Perdition,7.7,72,"226,894",2002
255,8 Mile,7.1,77,"226,630",2002
256,Chicago,7.2,82,"199,560",2002
257,Austin Powers in Goldmember,6.2,62,"182,759",2002
258,Ying xiong,7.9,85,"164,956",2002
259,Adaptation.,7.7,83,"164,156",2002
260,25th Hour,7.7,67,"162,104",2002
261,About a Boy,7.1,75,"159,762",2002
262,Lilo & Stitch,7.2,73,"148,080",2002
263,Bowling for Columbine,8.0,72,"134,368",2002
264,Punch-Drunk Love,7.3,78,"131,252",2002
265,We Were Soldiers,7.2,65,"120,026",2002
266,The Count of Monte Cristo,7.8,61,"119,326",2002
267,About Schmidt,7.2,85,"116,796",2002
268,The Hours,7.6,80,"115,900",2002
269,My Big Fat Greek Wedding,6.6,62,"112,980",2002
270,Mou gaan dou,8.1,75,"110,459",2002
271,The Lord of the Rings: The Two Towers,8.7,87,"1,332,675",2002
272,Catch Me If You Can,8.1,75,"707,759",2002
273,Cidade de Deus,8.6,79,"636,958",2002
274,Spider-Man,7.3,73,"632,719",2002
275,The Pianist,8.5,85,"632,435",2002
276,Harry Potter and the Chamber of Secrets,7.4,63,"487,299",2002
277,The Bourne Identity,7.9,68,"471,862",2002
278,Minority Report,7.7,80,"465,906",2002
279,Gangs of New York,7.5,72,"368,491",2002
280,28 Days Later...,7.6,73,"342,990",2002
281,Insomnia,7.2,78,"251,858",2002
282,Panic Room,6.8,65,"235,442",2002
283,Road to Perdition,7.7,72,"226,894",2002
284,8 Mile,7.1,77,"226,630",2002
285,Chicago,7.2,82,"199,560",2002
286,Austin Powers in Goldmember,6.2,62,"182,759",2002
287,Ying xiong,7.9,85,"164,956",2002
288,Adaptation.,7.7,83,"164,156",2002
289,25th Hour,7.7,67,"162,104",2002
290,About a Boy,7.1,75,"159,762",2002
291,Lilo & Stitch,7.2,73,"148,080",2002
292,Bowling for Columbine,8.0,72,"134,368",2002
293,Punch-Drunk Love,7.3,78,"131,252",2002
294,We Were Soldiers,7.2,65,"120,026",2002
295,The Count of Monte Cristo,7.8,61,"119,326",2002
296,About Schmidt,7.2,85,"116,796",2002
297,The Hours,7.6,80,"115,900",2002
298,My Big Fat Greek Wedding,6.6,62,"112,980",2002
299,Mou gaan dou,8.1,75,"110,459",2002
300,The Lord of the Rings: The Return of the King,8.9,94,"1,473,554",2003
301,Pirates of the Caribbean: The Curse of the Black Pearl,8.0,63,"955,919",2003
302,Kill Bill: Vol. 1,8.1,69,"895,446",2003
303,Finding Nemo,8.1,90,"857,491",2003
304,X2,7.5,68,"475,731",2003
305,The Matrix Reloaded,7.2,62,"474,237",2003
306,Oldeuboi,8.4,74,"452,259",2003
307,Mystic River,8.0,84,"385,868",2003
308,Lost in Translation,7.8,89,"371,346",2003
309,Terminator 3: Rise of the Machines,6.3,66,"346,306",2003
310,The Italian Job,7.0,68,"320,214",2003
311,The School of Rock,7.1,82,"242,345",2003
312,21 Grams,7.7,70,"211,702",2003
313,Identity,7.3,64,"207,809",2003
314,Elf,6.9,64,"189,836",2003
315,Master and Commander: The Far Side of the World,7.4,81,"188,275",2003
316,Cold Mountain,7.2,73,"131,414",2003
317,Good Bye Lenin!,7.7,68,"128,455",2003
318,Bad Santa,7.1,70,"126,806",2003
319,Monster,7.3,74,"123,715",2003
320,Matchstick Men,7.3,61,"117,439",2003
321,Freaky Friday,6.2,70,"114,273",2003
322,The Lord of the Rings: The Return of the King,8.9,94,"1,473,554",2003
323,Pirates of the Caribbean: The Curse of the Black Pearl,8.0,63,"955,919",2003
324,Kill Bill: Vol. 1,8.1,69,"895,446",2003
325,Finding Nemo,8.1,90,"857,491",2003
326,X2,7.5,68,"475,731",2003
327,The Matrix Reloaded,7.2,62,"474,237",2003
328,Oldeuboi,8.4,74,"452,259",2003
329,Mystic River,8.0,84,"385,868",2003
330,Lost in Translation,7.8,89,"371,346",2003
331,Terminator 3: Rise of the Machines,6.3,66,"346,306",2003
332,The Italian Job,7.0,68,"320,214",2003
333,The School of Rock,7.1,82,"242,345",2003
334,21 Grams,7.7,70,"211,702",2003
335,Identity,7.3,64,"207,809",2003
336,Elf,6.9,64,"189,836",2003
337,Master and Commander: The Far Side of the World,7.4,81,"188,275",2003
338,Cold Mountain,7.2,73,"131,414",2003
339,Good Bye Lenin!,7.7,68,"128,455",2003
340,Bad Santa,7.1,70,"126,806",2003
341,Monster,7.3,74,"123,715",2003
342,Matchstick Men,7.3,61,"117,439",2003
343,Freaky Friday,6.2,70,"114,273",2003
344,The Lord of the Rings: The Return of the King,8.9,94,"1,473,554",2003
345,Pirates of the Caribbean: The Curse of the Black Pearl,8.0,63,"955,919",2003
346,Kill Bill: Vol. 1,8.1,69,"895,446",2003
347,Finding Nemo,8.1,90,"857,491",2003
348,X2,7.5,68,"475,731",2003
349,The Matrix Reloaded,7.2,62,"474,237",2003
350,Oldeuboi,8.4,74,"452,259",2003
351,Mystic River,8.0,84,"385,868",2003
352,Lost in Translation,7.8,89,"371,346",2003
353,Terminator 3: Rise of the Machines,6.3,66,"346,306",2003
354,The Italian Job,7.0,68,"320,214",2003
355,The School of Rock,7.1,82,"242,345",2003
356,21 Grams,7.7,70,"211,702",2003
357,Identity,7.3,64,"207,809",2003
358,Elf,6.9,64,"189,836",2003
359,Master and Commander: The Far Side of the World,7.4,81,"188,275",2003
360,Cold Mountain,7.2,73,"131,414",2003
361,Good Bye Lenin!,7.7,68,"128,455",2003
362,Bad Santa,7.1,70,"126,806",2003
363,Monster,7.3,74,"123,715",2003
364,Matchstick Men,7.3,61,"117,439",2003
365,Freaky Friday,6.2,70,"114,273",2003
366,The Lord of the Rings: The Return of the King,8.9,94,"1,473,554",2003
367,Pirates of the Caribbean: The Curse of the Black Pearl,8.0,63,"955,919",2003
368,Kill Bill: Vol. 1,8.1,69,"895,446",2003
369,Finding Nemo,8.1,90,"857,491",2003
370,X2,7.5,68,"475,731",2003
371,The Matrix Reloaded,7.2,62,"474,237",2003
372,Oldeuboi,8.4,74,"452,259",2003
373,Mystic River,8.0,84,"385,868",2003
374,Lost in Translation,7.8,89,"371,346",2003
375,Terminator 3: Rise of the Machines,6.3,66,"346,306",2003
376,The Italian Job,7.0,68,"320,214",2003
377,The School of Rock,7.1,82,"242,345",2003
378,21 Grams,7.7,70,"211,702",2003
379,Identity,7.3,64,"207,809",2003
380,Elf,6.9,64,"189,836",2003
381,Master and Commander: The Far Side of the World,7.4,81,"188,275",2003
382,Cold Mountain,7.2,73,"131,414",2003
383,Good Bye Lenin!,7.7,68,"128,455",2003
384,Bad Santa,7.1,70,"126,806",2003
385,Monster,7.3,74,"123,715",2003
386,Matchstick Men,7.3,61,"117,439",2003
387,Freaky Friday,6.2,70,"114,273",2003
388,Eternal Sunshine of the Spotless Mind,8.3,89,"815,475",2004
389,Kill Bill: Vol. 2,8.0,83,"608,014",2004
390,The Incredibles,8.0,90,"594,144",2004
391,Million Dollar Baby,8.1,86,"581,286",2004
392,Spider-Man 2,7.3,83,"493,953",2004
393,Harry Potter and the Prisoner of Azkaban,7.9,82,"483,750",2004
394,Shaun of the Dead,7.9,76,"465,342",2004
395,The Bourne Supremacy,7.8,73,"404,546",2004
396,Crash,7.8,69,"398,865",2004
397,Shrek 2,7.2,75,"377,144",2004
398,Collateral,7.5,71,"333,316",2004
399,The Machinist,7.7,61,"327,425",2004
400,Hotel Rwanda,8.1,79,"311,010",2004
401,Anchorman: The Legend of Ron Burgundy,7.2,63,"306,191",2004
402,The Aviator,7.5,77,"305,307",2004
403,Der Untergang,8.2,82,"301,605",2004
404,Mean Girls,7.0,66,"298,412",2004
405,Hellboy,6.9,72,"283,343",2004
406,Hauru no ugoku shiro,8.2,80,"278,909",2004
407,Before Sunset,8.1,90,"205,568",2004
408,Garden State,7.5,67,"200,680",2004
409,Finding Neverland,7.7,67,"190,210",2004
410,Closer,7.3,65,"189,379",2004
411,A Series of Unfortunate Events,6.8,62,"183,800",2004
412,Napoleon Dynamite,6.9,64,"182,649",2004
413,Harold & Kumar Go to White Castle,7.1,64,"171,219",2004
414,Eternal Sunshine of the Spotless Mind,8.3,89,"815,475",2004
415,Kill Bill: Vol. 2,8.0,83,"608,014",2004
416,The Incredibles,8.0,90,"594,144",2004
417,Million Dollar Baby,8.1,86,"581,286",2004
418,Spider-Man 2,7.3,83,"493,953",2004
419,Harry Potter and the Prisoner of Azkaban,7.9,82,"483,750",2004
420,Shaun of the Dead,7.9,76,"465,342",2004
421,The Bourne Supremacy,7.8,73,"404,546",2004
422,Crash,7.8,69,"398,865",2004
423,Shrek 2,7.2,75,"377,144",2004
424,Collateral,7.5,71,"333,316",2004
425,The Machinist,7.7,61,"327,425",2004
426,Hotel Rwanda,8.1,79,"311,010",2004
427,Anchorman: The Legend of Ron Burgundy,7.2,63,"306,191",2004
428,The Aviator,7.5,77,"305,307",2004
429,Der Untergang,8.2,82,"301,605",2004
430,Mean Girls,7.0,66,"298,412",2004
431,Hellboy,6.9,72,"283,343",2004
432,Hauru no ugoku shiro,8.2,80,"278,909",2004
433,Before Sunset,8.1,90,"205,568",2004
434,Garden State,7.5,67,"200,680",2004
435,Finding Neverland,7.7,67,"190,210",2004
436,Closer,7.3,65,"189,379",2004
437,A Series of Unfortunate Events,6.8,62,"183,800",2004
438,Napoleon Dynamite,6.9,64,"182,649",2004
439,Harold & Kumar Go to White Castle,7.1,64,"171,219",2004
440,Eternal Sunshine of the Spotless Mind,8.3,89,"815,475",2004
441,Kill Bill: Vol. 2,8.0,83,"608,014",2004
442,The Incredibles,8.0,90,"594,144",2004
443,Million Dollar Baby,8.1,86,"581,286",2004
444,Spider-Man 2,7.3,83,"493,953",2004
445,Harry Potter and the Prisoner of Azkaban,7.9,82,"483,750",2004
446,Shaun of the Dead,7.9,76,"465,342",2004
447,The Bourne Supremacy,7.8,73,"404,546",2004
448,Crash,7.8,69,"398,865",2004
449,Shrek 2,7.2,75,"377,144",2004
450,Collateral,7.5,71,"333,316",2004
451,The Machinist,7.7,61,"327,425",2004
452,Hotel Rwanda,8.1,79,"311,010",2004
453,Anchorman: The Legend of Ron Burgundy,7.2,63,"306,191",2004
454,The Aviator,7.5,77,"305,307",2004
455,Der Untergang,8.2,82,"301,605",2004
456,Mean Girls,7.0,66,"298,412",2004
457,Hellboy,6.9,72,"283,343",2004
458,Hauru no ugoku shiro,8.2,80,"278,909",2004
459,Before Sunset,8.1,90,"205,568",2004
460,Garden State,7.5,67,"200,680",2004
461,Finding Neverland,7.7,67,"190,210",2004
462,Closer,7.3,65,"189,379",2004
463,A Series of Unfortunate Events,6.8,62,"183,800",2004
464,Napoleon Dynamite,6.9,64,"182,649",2004
465,Harold & Kumar Go to White Castle,7.1,64,"171,219",2004
466,Eternal Sunshine of the Spotless Mind,8.3,89,"815,475",2004
467,Kill Bill: Vol. 2,8.0,83,"608,014",2004
468,The Incredibles,8.0,90,"594,144",2004
469,Million Dollar Baby,8.1,86,"581,286",2004
470,Spider-Man 2,7.3,83,"493,953",2004
471,Harry Potter and the Prisoner of Azkaban,7.9,82,"483,750",2004
472,Shaun of the Dead,7.9,76,"465,342",2004
473,The Bourne Supremacy,7.8,73,"404,546",2004
474,Crash,7.8,69,"398,865",2004
475,Shrek 2,7.2,75,"377,144",2004
476,Collateral,7.5,71,"333,316",2004
477,The Machinist,7.7,61,"327,425",2004
478,Hotel Rwanda,8.1,79,"311,010",2004
479,Anchorman: The Legend of Ron Burgundy,7.2,63,"306,191",2004
480,The Aviator,7.5,77,"305,307",2004
481,Der Untergang,8.2,82,"301,605",2004
482,Mean Girls,7.0,66,"298,412",2004
483,Hellboy,6.9,72,"283,343",2004
484,Hauru no ugoku shiro,8.2,80,"278,909",2004
485,Before Sunset,8.1,90,"205,568",2004
486,Garden State,7.5,67,"200,680",2004
487,Finding Neverland,7.7,67,"190,210",2004
488,Closer,7.3,65,"189,379",2004
489,A Series of Unfortunate Events,6.8,62,"183,800",2004
490,Napoleon Dynamite,6.9,64,"182,649",2004
491,Harold & Kumar Go to White Castle,7.1,64,"171,219",2004
492,Batman Begins,8.2,70,"1,179,479",2005
493,V for Vendetta,8.2,62,"943,867",2005
494,Sin City,8.0,74,"712,522",2005
495,Star Wars: Episode III - Revenge of the Sith,7.6,68,"633,294",2005
496,Harry Potter and the Goblet of Fire,7.7,81,"483,140",2005
497,Charlie and the Chocolate Factory,6.6,72,"385,693",2005
498,War of the Worlds,6.5,73,"384,449",2005
499,King Kong,7.2,81,"363,654",2005
500,The 40 Year Old Virgin,7.1,73,"360,821",2005
501,"The Chronicles of Narnia: The Lion, the Witch and the Wardrobe",6.9,75,"337,038",2005
502,Wedding Crashers,7.0,64,"312,346",2005
503,Brokeback Mountain,7.7,87,"297,103",2005
504,Lord of War,7.6,62,"276,253",2005
505,Serenity,7.9,74,"268,522",2005
506,Kingdom of Heaven,7.2,63,"248,485",2005
507,Pride & Prejudice,7.8,82,"228,947",2005
508,Corpse Bride,7.4,83,"221,727",2005
509,Walk the Line,7.9,72,"211,170",2005
510,A History of Violence,7.5,81,"209,623",2005
511,Thank You for Smoking,7.6,71,"205,269",2005
512,Kiss Kiss Bang Bang,7.6,72,"201,089",2005
513,Munich,7.6,74,"197,587",2005
514,Match Point,7.6,72,"189,941",2005
515,The Descent,7.2,71,"182,913",2005
516,The Hitchhiker's Guide to the Galaxy,6.8,63,"176,434",2005
517,Cinderella Man,8.0,69,"165,592",2005
518,Batman Begins,8.2,70,"1,179,479",2005
519,V for Vendetta,8.2,62,"943,867",2005
520,Sin City,8.0,74,"712,522",2005
521,Star Wars: Episode III - Revenge of the Sith,7.6,68,"633,294",2005
522,Harry Potter and the Goblet of Fire,7.7,81,"483,140",2005
523,Charlie and the Chocolate Factory,6.6,72,"385,693",2005
524,War of the Worlds,6.5,73,"384,449",2005
525,King Kong,7.2,81,"363,654",2005
526,The 40 Year Old Virgin,7.1,73,"360,821",2005
527,"The Chronicles of Narnia: The Lion, the Witch and the Wardrobe",6.9,75,"337,038",2005
528,Wedding Crashers,7.0,64,"312,346",2005
529,Brokeback Mountain,7.7,87,"297,103",2005
530,Lord of War,7.6,62,"276,253",2005
531,Serenity,7.9,74,"268,522",2005
532,Kingdom of Heaven,7.2,63,"248,485",2005
533,Pride & Prejudice,7.8,82,"228,947",2005
534,Corpse Bride,7.4,83,"221,727",2005
535,Walk the Line,7.9,72,"211,170",2005
536,A History of Violence,7.5,81,"209,623",2005
537,Thank You for Smoking,7.6,71,"205,269",2005
538,Kiss Kiss Bang Bang,7.6,72,"201,089",2005
539,Munich,7.6,74,"197,587",2005
540,Match Point,7.6,72,"189,941",2005
541,The Descent,7.2,71,"182,913",2005
542,The Hitchhiker's Guide to the Galaxy,6.8,63,"176,434",2005
543,Cinderella Man,8.0,69,"165,592",2005
544,Batman Begins,8.2,70,"1,179,479",2005
545,V for Vendetta,8.2,62,"943,867",2005
546,Sin City,8.0,74,"712,522",2005
547,Star Wars: Episode III - Revenge of the Sith,7.6,68,"633,294",2005
548,Harry Potter and the Goblet of Fire,7.7,81,"483,140",2005
549,Charlie and the Chocolate Factory,6.6,72,"385,693",2005
550,War of the Worlds,6.5,73,"384,449",2005
551,King Kong,7.2,81,"363,654",2005
552,The 40 Year Old Virgin,7.1,73,"360,821",2005
553,"The Chronicles of Narnia: The Lion, the Witch and the Wardrobe",6.9,75,"337,038",2005
554,Wedding Crashers,7.0,64,"312,346",2005
555,Brokeback Mountain,7.7,87,"297,103",2005
556,Lord of War,7.6,62,"276,253",2005
557,Serenity,7.9,74,"268,522",2005
558,Kingdom of Heaven,7.2,63,"248,485",2005
559,Pride & Prejudice,7.8,82,"228,947",2005
560,Corpse Bride,7.4,83,"221,727",2005
561,Walk the Line,7.9,72,"211,170",2005
562,A History of Violence,7.5,81,"209,623",2005
563,Thank You for Smoking,7.6,71,"205,269",2005
564,Kiss Kiss Bang Bang,7.6,72,"201,089",2005
565,Munich,7.6,74,"197,587",2005
566,Match Point,7.6,72,"189,941",2005
567,The Descent,7.2,71,"182,913",2005
568,The Hitchhiker's Guide to the Galaxy,6.8,63,"176,434",2005
569,Cinderella Man,8.0,69,"165,592",2005
570,Batman Begins,8.2,70,"1,179,479",2005
571,V for Vendetta,8.2,62,"943,867",2005
572,Sin City,8.0,74,"712,522",2005
573,Star Wars: Episode III - Revenge of the Sith,7.6,68,"633,294",2005
574,Harry Potter and the Goblet of Fire,7.7,81,"483,140",2005
575,Charlie and the Chocolate Factory,6.6,72,"385,693",2005
576,War of the Worlds,6.5,73,"384,449",2005
577,King Kong,7.2,81,"363,654",2005
578,The 40 Year Old Virgin,7.1,73,"360,821",2005
579,"The Chronicles of Narnia: The Lion, the Witch and the Wardrobe",6.9,75,"337,038",2005
580,Wedding Crashers,7.0,64,"312,346",2005
581,Brokeback Mountain,7.7,87,"297,103",2005
582,Lord of War,7.6,62,"276,253",2005
583,Serenity,7.9,74,"268,522",2005
584,Kingdom of Heaven,7.2,63,"248,485",2005
585,Pride & Prejudice,7.8,82,"228,947",2005
586,Corpse Bride,7.4,83,"221,727",2005
587,Walk the Line,7.9,72,"211,170",2005
588,A History of Violence,7.5,81,"209,623",2005
589,Thank You for Smoking,7.6,71,"205,269",2005
590,Kiss Kiss Bang Bang,7.6,72,"201,089",2005
591,Munich,7.6,74,"197,587",2005
592,Match Point,7.6,72,"189,941",2005
593,The Descent,7.2,71,"182,913",2005
594,The Hitchhiker's Guide to the Galaxy,6.8,63,"176,434",2005
595,Cinderella Man,8.0,69,"165,592",2005
596,The Departed,8.5,85,"1,062,645",2006
597,The Prestige,8.5,66,"1,051,396",2006
598,Pan's Labyrinth,8.2,98,"566,936",2006
599,Casino Royale,8.0,80,"535,692",2006
600,Blood Diamond,8.0,64,"459,390",2006
601,Children of Men,7.9,84,"426,759",2006
602,Little Miss Sunshine,7.8,80,"406,707",2006
603,The Pursuit of Happyness,8.0,64,"401,673",2006
604,The Devil Wears Prada,6.9,62,"336,287",2006
605,The Illusionist,7.6,68,"335,100",2006
606,Borat: Cultural Learnings of America for Make Benefit Glorious Nation of Kazakhstan,7.3,89,"330,177",2006
607,Cars,7.1,73,"324,719",2006
608,The Lives of Others,8.4,89,"318,672",2006
609,Inside Man,7.6,76,"311,510",2006
610,Mission: Impossible III,6.9,66,"303,623",2006
611,Babel,7.5,69,"271,888",2006
612,Apocalypto,7.8,68,"268,932",2006
613,Superman Returns,6.1,72,"259,352",2006
614,Stranger Than Fiction,7.6,67,"205,822",2006
615,Rocky Balboa,7.2,63,"188,776",2006
616,The Last King of Scotland,7.7,74,"164,416",2006
617,Happy Feet,6.5,77,"156,334",2006
618,Talladega Nights: The Ballad of Ricky Bobby,6.6,66,"152,465",2006
619,Over the Hedge,6.7,67,"146,302",2006
620,Letters from Iwo Jima,7.9,89,"145,680",2006
621,The Departed,8.5,85,"1,062,645",2006
622,The Prestige,8.5,66,"1,051,396",2006
623,Pan's Labyrinth,8.2,98,"566,936",2006
624,Casino Royale,8.0,80,"535,692",2006
625,Blood Diamond,8.0,64,"459,390",2006
626,Children of Men,7.9,84,"426,759",2006
627,Little Miss Sunshine,7.8,80,"406,707",2006
628,The Pursuit of Happyness,8.0,64,"401,673",2006
629,The Devil Wears Prada,6.9,62,"336,287",2006
630,The Illusionist,7.6,68,"335,100",2006
631,Borat: Cultural Learnings of America for Make Benefit Glorious Nation of Kazakhstan,7.3,89,"330,177",2006
632,Cars,7.1,73,"324,719",2006
633,The Lives of Others,8.4,89,"318,672",2006
634,Inside Man,7.6,76,"311,510",2006
635,Mission: Impossible III,6.9,66,"303,623",2006
636,Babel,7.5,69,"271,888",2006
637,Apocalypto,7.8,68,"268,932",2006
638,Superman Returns,6.1,72,"259,352",2006
639,Stranger Than Fiction,7.6,67,"205,822",2006
640,Rocky Balboa,7.2,63,"188,776",2006
641,The Last King of Scotland,7.7,74,"164,416",2006
642,Happy Feet,6.5,77,"156,334",2006
643,Talladega Nights: The Ballad of Ricky Bobby,6.6,66,"152,465",2006
644,Over the Hedge,6.7,67,"146,302",2006
645,Letters from Iwo Jima,7.9,89,"145,680",2006
646,The Departed,8.5,85,"1,062,645",2006
647,The Prestige,8.5,66,"1,051,396",2006
648,Pan's Labyrinth,8.2,98,"566,936",2006
649,Casino Royale,8.0,80,"535,692",2006
650,Blood Diamond,8.0,64,"459,390",2006
651,Children of Men,7.9,84,"426,759",2006
652,Little Miss Sunshine,7.8,80,"406,707",2006
653,The Pursuit of Happyness,8.0,64,"401,673",2006
654,The Devil Wears Prada,6.9,62,"336,287",2006
655,The Illusionist,7.6,68,"335,100",2006
656,Borat: Cultural Learnings of America for Make Benefit Glorious Nation of Kazakhstan,7.3,89,"330,177",2006
657,Cars,7.1,73,"324,719",2006
658,The Lives of Others,8.4,89,"318,672",2006
659,Inside Man,7.6,76,"311,510",2006
660,Mission: Impossible III,6.9,66,"303,623",2006
661,Babel,7.5,69,"271,888",2006
662,Apocalypto,7.8,68,"268,932",2006
663,Superman Returns,6.1,72,"259,352",2006
664,Stranger Than Fiction,7.6,67,"205,822",2006
665,Rocky Balboa,7.2,63,"188,776",2006
666,The Last King of Scotland,7.7,74,"164,416",2006
667,Happy Feet,6.5,77,"156,334",2006
668,Talladega Nights: The Ballad of Ricky Bobby,6.6,66,"152,465",2006
669,Over the Hedge,6.7,67,"146,302",2006
670,Letters from Iwo Jima,7.9,89,"145,680",2006
671,The Departed,8.5,85,"1,062,645",2006
672,The Prestige,8.5,66,"1,051,396",2006
673,Pan's Labyrinth,8.2,98,"566,936",2006
674,Casino Royale,8.0,80,"535,692",2006
675,Blood Diamond,8.0,64,"459,390",2006
676,Children of Men,7.9,84,"426,759",2006
677,Little Miss Sunshine,7.8,80,"406,707",2006
678,The Pursuit of Happyness,8.0,64,"401,673",2006
679,The Devil Wears Prada,6.9,62,"336,287",2006
680,The Illusionist,7.6,68,"335,100",2006
681,Borat: Cultural Learnings of America for Make Benefit Glorious Nation of Kazakhstan,7.3,89,"330,177",2006
682,Cars,7.1,73,"324,719",2006
683,The Lives of Others,8.4,89,"318,672",2006
684,Inside Man,7.6,76,"311,510",2006
685,Mission: Impossible III,6.9,66,"303,623",2006
686,Babel,7.5,69,"271,888",2006
687,Apocalypto,7.8,68,"268,932",2006
688,Superman Returns,6.1,72,"259,352",2006
689,Stranger Than Fiction,7.6,67,"205,822",2006
690,Rocky Balboa,7.2,63,"188,776",2006
691,The Last King of Scotland,7.7,74,"164,416",2006
692,Happy Feet,6.5,77,"156,334",2006
693,Talladega Nights: The Ballad of Ricky Bobby,6.6,66,"152,465",2006
694,Over the Hedge,6.7,67,"146,302",2006
695,Letters from Iwo Jima,7.9,89,"145,680",2006
696,No Country for Old Men,8.1,91,"758,683",2007
697,I Am Legend,7.2,65,"628,137",2007
698,The Bourne Ultimatum,8.0,85,"577,052",2007
699,Ratatouille,8.0,96,"571,873",2007
700,Transformers,7.1,61,"566,317",2007
701,Into the Wild,8.1,73,"519,924",2007
702,Superbad,7.6,76,"479,149",2007
703,Juno,7.5,81,"463,163",2007
704,There Will Be Blood,8.2,93,"458,709",2007
705,Harry Potter and the Order of the Phoenix,7.5,71,"448,251",2007
706,Hot Fuzz,7.9,81,"421,227",2007
707,Zodiac,7.7,78,"385,870",2007
708,Live Free or Die Hard,7.1,69,"369,253",2007
709,American Gangster,7.8,76,"364,058",2007
710,Knocked Up,7.0,85,"329,658",2007
711,Sweeney Todd: The Demon Barber of Fleet Street,7.4,83,"320,321",2007
712,Ocean's Thirteen,6.9,62,"295,180",2007
713,The Simpsons Movie,7.3,80,"289,865",2007
714,3:10 to Yuma,7.7,76,"268,332",2007
715,28 Weeks Later,7.0,78,"240,073",2007
716,1408,6.8,64,"240,038",2007
717,Stardust,7.7,66,"237,736",2007
718,Gone Baby Gone,7.7,72,"231,833",2007
719,Atonement,7.8,85,"226,626",2007
720,Sunshine,7.3,64,"218,360",2007
721,Eastern Promises,7.7,82,"213,175",2007
722,Paranormal Activity,6.3,68,"206,806",2007
723,Disturbia,6.9,62,"206,306",2007
724,Grindhouse,7.6,77,"168,953",2007
725,Fracture,7.2,68,"167,678",2007
726,The Darjeeling Limited,7.2,67,"164,070",2007
727,Enchanted,7.1,75,"164,027",2007
728,No Country for Old Men,8.1,91,"758,683",2007
729,I Am Legend,7.2,65,"628,137",2007
730,The Bourne Ultimatum,8.0,85,"577,052",2007
731,Ratatouille,8.0,96,"571,873",2007
732,Transformers,7.1,61,"566,317",2007
733,Into the Wild,8.1,73,"519,924",2007
734,Superbad,7.6,76,"479,149",2007
735,Juno,7.5,81,"463,163",2007
736,There Will Be Blood,8.2,93,"458,709",2007
737,Harry Potter and the Order of the Phoenix,7.5,71,"448,251",2007
738,Hot Fuzz,7.9,81,"421,227",2007
739,Zodiac,7.7,78,"385,870",2007
740,Live Free or Die Hard,7.1,69,"369,253",2007
741,American Gangster,7.8,76,"364,058",2007
742,Knocked Up,7.0,85,"329,658",2007
743,Sweeney Todd: The Demon Barber of Fleet Street,7.4,83,"320,321",2007
744,Ocean's Thirteen,6.9,62,"295,180",2007
745,The Simpsons Movie,7.3,80,"289,865",2007
746,3:10 to Yuma,7.7,76,"268,332",2007
747,28 Weeks Later,7.0,78,"240,073",2007
748,1408,6.8,64,"240,038",2007
749,Stardust,7.7,66,"237,736",2007
750,Gone Baby Gone,7.7,72,"231,833",2007
751,Atonement,7.8,85,"226,626",2007
752,Sunshine,7.3,64,"218,360",2007
753,Eastern Promises,7.7,82,"213,175",2007
754,Paranormal Activity,6.3,68,"206,806",2007
755,Disturbia,6.9,62,"206,306",2007
756,Grindhouse,7.6,77,"168,953",2007
757,Fracture,7.2,68,"167,678",2007
758,The Darjeeling Limited,7.2,67,"164,070",2007
759,Enchanted,7.1,75,"164,027",2007
760,No Country for Old Men,8.1,91,"758,683",2007
761,I Am Legend,7.2,65,"628,137",2007
762,The Bourne Ultimatum,8.0,85,"577,052",2007
763,Ratatouille,8.0,96,"571,873",2007
764,Transformers,7.1,61,"566,317",2007
765,Into the Wild,8.1,73,"519,924",2007
766,Superbad,7.6,76,"479,149",2007
767,Juno,7.5,81,"463,163",2007
768,There Will Be Blood,8.2,93,"458,709",2007
769,Harry Potter and the Order of the Phoenix,7.5,71,"448,251",2007
770,Hot Fuzz,7.9,81,"421,227",2007
771,Zodiac,7.7,78,"385,870",2007
772,Live Free or Die Hard,7.1,69,"369,253",2007
773,American Gangster,7.8,76,"364,058",2007
774,Knocked Up,7.0,85,"329,658",2007
775,Sweeney Todd: The Demon Barber of Fleet Street,7.4,83,"320,321",2007
776,Ocean's Thirteen,6.9,62,"295,180",2007
777,The Simpsons Movie,7.3,80,"289,865",2007
778,3:10 to Yuma,7.7,76,"268,332",2007
779,28 Weeks Later,7.0,78,"240,073",2007
780,1408,6.8,64,"240,038",2007
781,Stardust,7.7,66,"237,736",2007
782,Gone Baby Gone,7.7,72,"231,833",2007
783,Atonement,7.8,85,"226,626",2007
784,Sunshine,7.3,64,"218,360",2007
785,Eastern Promises,7.7,82,"213,175",2007
786,Paranormal Activity,6.3,68,"206,806",2007
787,Disturbia,6.9,62,"206,306",2007
788,Grindhouse,7.6,77,"168,953",2007
789,Fracture,7.2,68,"167,678",2007
790,The Darjeeling Limited,7.2,67,"164,070",2007
791,Enchanted,7.1,75,"164,027",2007
792,No Country for Old Men,8.1,91,"758,683",2007
793,I Am Legend,7.2,65,"628,137",2007
794,The Bourne Ultimatum,8.0,85,"577,052",2007
795,Ratatouille,8.0,96,"571,873",2007
796,Transformers,7.1,61,"566,317",2007
797,Into the Wild,8.1,73,"519,924",2007
798,Superbad,7.6,76,"479,149",2007
799,Juno,7.5,81,"463,163",2007
800,There Will Be Blood,8.2,93,"458,709",2007
801,Harry Potter and the Order of the Phoenix,7.5,71,"448,251",2007
802,Hot Fuzz,7.9,81,"421,227",2007
803,Zodiac,7.7,78,"385,870",2007
804,Live Free or Die Hard,7.1,69,"369,253",2007
805,American Gangster,7.8,76,"364,058",2007
806,Knocked Up,7.0,85,"329,658",2007
807,Sweeney Todd: The Demon Barber of Fleet Street,7.4,83,"320,321",2007
808,Ocean's Thirteen,6.9,62,"295,180",2007
809,The Simpsons Movie,7.3,80,"289,865",2007
810,3:10 to Yuma,7.7,76,"268,332",2007
811,28 Weeks Later,7.0,78,"240,073",2007
812,1408,6.8,64,"240,038",2007
813,Stardust,7.7,66,"237,736",2007
814,Gone Baby Gone,7.7,72,"231,833",2007
815,Atonement,7.8,85,"226,626",2007
816,Sunshine,7.3,64,"218,360",2007
817,Eastern Promises,7.7,82,"213,175",2007
818,Paranormal Activity,6.3,68,"206,806",2007
819,Disturbia,6.9,62,"206,306",2007
820,Grindhouse,7.6,77,"168,953",2007
821,Fracture,7.2,68,"167,678",2007
822,The Darjeeling Limited,7.2,67,"164,070",2007
823,Enchanted,7.1,75,"164,027",2007
824,The Dark Knight,9.0,84,"2,035,687",2008
825,WALL·E,8.4,95,"894,065",2008
826,Iron Man,7.9,79,"842,521",2008
827,Slumdog Millionaire,8.0,86,"741,539",2008
828,Gran Torino,8.1,72,"664,222",2008
829,The Curious Case of Benjamin Button,7.8,70,"534,619",2008
830,The Incredible Hulk,6.7,61,"391,719",2008
831,The Hurt Locker,7.6,94,"389,222",2008
832,Indiana Jones and the Kingdom of the Crystal Skull,6.2,65,"389,161",2008
833,Kung Fu Panda,7.6,73,"376,148",2008
834,In Bruges,7.9,67,"358,707",2008
835,Tropic Thunder,7.0,71,"348,949",2008
836,Cloverfield,7.0,64,"348,512",2008
837,Wanted,6.7,64,"337,565",2008
838,Pineapple Express,7.0,64,"290,727",2008
839,Burn After Reading,7.0,63,"285,458",2008
840,The Wrestler,7.9,81,"276,014",2008
841,Forgetting Sarah Marshall,7.2,67,"246,153",2008
842,Hellboy II: The Golden Army,7.0,78,"237,560",2008
843,Vicky Cristina Barcelona,7.1,70,"226,321",2008
844,Changeling,7.7,63,"221,904",2008
845,Role Models,6.8,61,"210,772",2008
846,Låt den rätte komma in,7.9,82,"193,902",2008
847,Madagascar: Escape 2 Africa,6.7,61,"181,042",2008
848,The Chronicles of Narnia: Prince Caspian,6.5,62,"177,535",2008
849,Revolutionary Road,7.3,69,"176,739",2008
850,The Dark Knight,9.0,84,"2,035,687",2008
851,WALL·E,8.4,95,"894,065",2008
852,Iron Man,7.9,79,"842,521",2008
853,Slumdog Millionaire,8.0,86,"741,539",2008
854,Gran Torino,8.1,72,"664,222",2008
855,The Curious Case of Benjamin Button,7.8,70,"534,619",2008
856,The Incredible Hulk,6.7,61,"391,719",2008
857,The Hurt Locker,7.6,94,"389,222",2008
858,Indiana Jones and the Kingdom of the Crystal Skull,6.2,65,"389,161",2008
859,Kung Fu Panda,7.6,73,"376,148",2008
860,In Bruges,7.9,67,"358,707",2008
861,Tropic Thunder,7.0,71,"348,949",2008
862,Cloverfield,7.0,64,"348,512",2008
863,Wanted,6.7,64,"337,565",2008
864,Pineapple Express,7.0,64,"290,727",2008
865,Burn After Reading,7.0,63,"285,458",2008
866,The Wrestler,7.9,81,"276,014",2008
867,Forgetting Sarah Marshall,7.2,67,"246,153",2008
868,Hellboy II: The Golden Army,7.0,78,"237,560",2008
869,Vicky Cristina Barcelona,7.1,70,"226,321",2008
870,Changeling,7.7,63,"221,904",2008
871,Role Models,6.8,61,"210,772",2008
872,Låt den rätte komma in,7.9,82,"193,902",2008
873,Madagascar: Escape 2 Africa,6.7,61,"181,042",2008
874,The Chronicles of Narnia: Prince Caspian,6.5,62,"177,535",2008
875,Revolutionary Road,7.3,69,"176,739",2008
876,The Dark Knight,9.0,84,"2,035,687",2008
877,WALL·E,8.4,95,"894,065",2008
878,Iron Man,7.9,79,"842,521",2008
879,Slumdog Millionaire,8.0,86,"741,539",2008
880,Gran Torino,8.1,72,"664,222",2008
881,The Curious Case of Benjamin Button,7.8,70,"534,619",2008
882,The Incredible Hulk,6.7,61,"391,719",2008
883,The Hurt Locker,7.6,94,"389,222",2008
884,Indiana Jones and the Kingdom of the Crystal Skull,6.2,65,"389,161",2008
885,Kung Fu Panda,7.6,73,"376,148",2008
886,In Bruges,7.9,67,"358,707",2008
887,Tropic Thunder,7.0,71,"348,949",2008
888,Cloverfield,7.0,64,"348,512",2008
889,Wanted,6.7,64,"337,565",2008
890,Pineapple Express,7.0,64,"290,727",2008
891,Burn After Reading,7.0,63,"285,458",2008
892,The Wrestler,7.9,81,"276,014",2008
893,Forgetting Sarah Marshall,7.2,67,"246,153",2008
894,Hellboy II: The Golden Army,7.0,78,"237,560",2008
895,Vicky Cristina Barcelona,7.1,70,"226,321",2008
896,Changeling,7.7,63,"221,904",2008
897,Role Models,6.8,61,"210,772",2008
898,Låt den rätte komma in,7.9,82,"193,902",2008
899,Madagascar: Escape 2 Africa,6.7,61,"181,042",2008
900,The Chronicles of Narnia: Prince Caspian,6.5,62,"177,535",2008
901,Revolutionary Road,7.3,69,"176,739",2008
902,The Dark Knight,9.0,84,"2,035,687",2008
903,WALL·E,8.4,95,"894,065",2008
904,Iron Man,7.9,79,"842,521",2008
905,Slumdog Millionaire,8.0,86,"741,539",2008
906,Gran Torino,8.1,72,"664,222",2008
907,The Curious Case of Benjamin Button,7.8,70,"534,619",2008
908,The Incredible Hulk,6.7,61,"391,719",2008
909,The Hurt Locker,7.6,94,"389,222",2008
910,Indiana Jones and the Kingdom of the Crystal Skull,6.2,65,"389,161",2008
911,Kung Fu Panda,7.6,73,"376,148",2008
912,In Bruges,7.9,67,"358,707",2008
913,Tropic Thunder,7.0,71,"348,949",2008
914,Cloverfield,7.0,64,"348,512",2008
915,Wanted,6.7,64,"337,565",2008
916,Pineapple Express,7.0,64,"290,727",2008
917,Burn After Reading,7.0,63,"285,458",2008
918,The Wrestler,7.9,81,"276,014",2008
919,Forgetting Sarah Marshall,7.2,67,"246,153",2008
920,Hellboy II: The Golden Army,7.0,78,"237,560",2008
921,Vicky Cristina Barcelona,7.1,70,"226,321",2008
922,Changeling,7.7,63,"221,904",2008
923,Role Models,6.8,61,"210,772",2008
924,Låt den rätte komma in,7.9,82,"193,902",2008
925,Madagascar: Escape 2 Africa,6.7,61,"181,042",2008
926,The Chronicles of Narnia: Prince Caspian,6.5,62,"177,535",2008
927,Revolutionary Road,7.3,69,"176,739",2008
928,Inglourious Basterds,8.3,69,"1,104,453",2009
929,Avatar,7.8,83,"1,033,384",2009
930,Up,8.3,88,"833,807",2009
931,The Hangover,7.7,73,"664,382",2009
932,District 9,7.9,81,"600,154",2009
933,Star Trek,8.0,82,"554,122",2009
934,Zombieland,7.6,73,"453,323",2009
935,(500) Days of Summer,7.7,76,"437,534",2009
936,Harry Potter and the Half-Blood Prince,7.6,78,"413,053",2009
937,Moon,7.9,67,"309,665",2009
938,Up in the Air,7.4,83,"299,267",2009
939,3 Idiots,8.4,67,"294,716",2009
940,Public Enemies,7.0,70,"259,968",2009
941,The Road,7.3,64,"206,167",2009
942,Män som hatar kvinnor,7.8,76,"196,717",2009
943,Mr. Nobody,7.8,63,"195,200",2009
944,"I Love You, Man",7.0,70,"184,688",2009
945,Cloudy with a Chance of Meatballs,7.0,66,"184,161",2009
946,Coraline,7.7,80,"177,070",2009
947,Drag Me to Hell,6.6,83,"176,059",2009
948,Fantastic Mr. Fox,7.9,83,"174,979",2009
949,El secreto de sus ojos,8.2,80,"171,024",2009
950,Inglourious Basterds,8.3,69,"1,104,453",2009
951,Avatar,7.8,83,"1,033,384",2009
952,Up,8.3,88,"833,807",2009
953,The Hangover,7.7,73,"664,382",2009
954,District 9,7.9,81,"600,154",2009
955,Star Trek,8.0,82,"554,122",2009
956,Zombieland,7.6,73,"453,323",2009
957,(500) Days of Summer,7.7,76,"437,534",2009
958,Harry Potter and the Half-Blood Prince,7.6,78,"413,053",2009
959,Moon,7.9,67,"309,665",2009
960,Up in the Air,7.4,83,"299,267",2009
961,3 Idiots,8.4,67,"294,716",2009
962,Public Enemies,7.0,70,"259,968",2009
963,The Road,7.3,64,"206,167",2009
964,Män som hatar kvinnor,7.8,76,"196,717",2009
965,Mr. Nobody,7.8,63,"195,200",2009
966,"I Love You, Man",7.0,70,"184,688",2009
967,Cloudy with a Chance of Meatballs,7.0,66,"184,161",2009
968,Coraline,7.7,80,"177,070",2009
969,Drag Me to Hell,6.6,83,"176,059",2009
970,Fantastic Mr. Fox,7.9,83,"174,979",2009
971,El secreto de sus ojos,8.2,80,"171,024",2009
972,Inglourious Basterds,8.3,69,"1,104,453",2009
973,Avatar,7.8,83,"1,033,384",2009
974,Up,8.3,88,"833,807",2009
975,The Hangover,7.7,73,"664,382",2009
976,District 9,7.9,81,"600,154",2009
977,Star Trek,8.0,82,"554,122",2009
978,Zombieland,7.6,73,"453,323",2009
979,(500) Days of Summer,7.7,76,"437,534",2009
980,Harry Potter and the Half-Blood Prince,7.6,78,"413,053",2009
981,Moon,7.9,67,"309,665",2009
982,Up in the Air,7.4,83,"299,267",2009
983,3 Idiots,8.4,67,"294,716",2009
984,Public Enemies,7.0,70,"259,968",2009
985,The Road,7.3,64,"206,167",2009
986,Män som hatar kvinnor,7.8,76,"196,717",2009
987,Mr. Nobody,7.8,63,"195,200",2009
988,"I Love You, Man",7.0,70,"184,688",2009
989,Cloudy with a Chance of Meatballs,7.0,66,"184,161",2009
990,Coraline,7.7,80,"177,070",2009
991,Drag Me to Hell,6.6,83,"176,059",2009
992,Fantastic Mr. Fox,7.9,83,"174,979",2009
993,El secreto de sus ojos,8.2,80,"171,024",2009
994,Inglourious Basterds,8.3,69,"1,104,453",2009
995,Avatar,7.8,83,"1,033,384",2009
996,Up,8.3,88,"833,807",2009
997,The Hangover,7.7,73,"664,382",2009
998,District 9,7.9,81,"600,154",2009
999,Star Trek,8.0,82,"554,122",2009
1000,Zombieland,7.6,73,"453,323",2009
1001,(500) Days of Summer,7.7,76,"437,534",2009
1002,Harry Potter and the Half-Blood Prince,7.6,78,"413,053",2009
1003,Moon,7.9,67,"309,665",2009
1004,Up in the Air,7.4,83,"299,267",2009
1005,3 Idiots,8.4,67,"294,716",2009
1006,Public Enemies,7.0,70,"259,968",2009
1007,The Road,7.3,64,"206,167",2009
1008,Män som hatar kvinnor,7.8,76,"196,717",2009
1009,Mr. Nobody,7.8,63,"195,200",2009
1010,"I Love You, Man",7.0,70,"184,688",2009
1011,Cloudy with a Chance of Meatballs,7.0,66,"184,161",2009
1012,Coraline,7.7,80,"177,070",2009
1013,Drag Me to Hell,6.6,83,"176,059",2009
1014,Fantastic Mr. Fox,7.9,83,"174,979",2009
1015,El secreto de sus ojos,8.2,80,"171,024",2009
1016,Inception,8.8,74,"1,814,574",2010
1017,Shutter Island,8.1,63,"992,424",2010
1018,Toy Story 3,8.3,92,"672,291",2010
1019,Black Swan,8.0,79,"643,120",2010
1020,How to Train Your Dragon,8.1,74,"602,725",2010
1021,The King's Speech,8.0,88,"588,674",2010
1022,The Social Network,7.7,95,"564,206",2010
1023,Kick-Ass,7.6,66,"493,535",2010
1024,Despicable Me,7.7,72,"460,081",2010
1025,Harry Potter and the Deathly Hallows: Part 1,7.7,65,"419,538",2010
1026,Tangled,7.8,71,"361,941",2010
1027,Scott Pilgrim vs. the World,7.5,69,"335,412",2010
1028,Easy A,7.1,72,"327,195",2010
1029,127 Hours,7.6,82,"320,961",2010
1030,The Town,7.6,74,"320,087",2010
1031,The Fighter,7.8,79,"314,373",2010
1032,True Grit,7.6,80,"281,555",2010
1033,Salt,6.4,65,"275,618",2010
1034,The Other Guys,6.7,64,"219,696",2010
1035,Megamind,7.3,63,"205,357",2010
1036,Unstoppable,6.8,69,"171,751",2010
1037,Blue Valentine,7.4,81,"168,800",2010
1038,Get Him to the Greek,6.4,65,"160,877",2010
1039,Hot Tub Time Machine,6.4,63,"153,104",2010
1040,Inception,8.8,74,"1,814,574",2010
1041,Shutter Island,8.1,63,"992,424",2010
1042,Toy Story 3,8.3,92,"672,291",2010
1043,Black Swan,8.0,79,"643,120",2010
1044,How to Train Your Dragon,8.1,74,"602,725",2010
1045,The King's Speech,8.0,88,"588,674",2010
1046,The Social Network,7.7,95,"564,206",2010
1047,Kick-Ass,7.6,66,"493,535",2010
1048,Despicable Me,7.7,72,"460,081",2010
1049,Harry Potter and the Deathly Hallows: Part 1,7.7,65,"419,538",2010
1050,Tangled,7.8,71,"361,941",2010
1051,Scott Pilgrim vs. the World,7.5,69,"335,412",2010
1052,Easy A,7.1,72,"327,195",2010
1053,127 Hours,7.6,82,"320,961",2010
1054,The Town,7.6,74,"320,087",2010
1055,The Fighter,7.8,79,"314,373",2010
1056,True Grit,7.6,80,"281,555",2010
1057,Salt,6.4,65,"275,618",2010
1058,The Other Guys,6.7,64,"219,696",2010
1059,Megamind,7.3,63,"205,357",2010
1060,Unstoppable,6.8,69,"171,751",2010
1061,Blue Valentine,7.4,81,"168,800",2010
1062,Get Him to the Greek,6.4,65,"160,877",2010
1063,Hot Tub Time Machine,6.4,63,"153,104",2010
1064,Inception,8.8,74,"1,814,574",2010
1065,Shutter Island,8.1,63,"992,424",2010
1066,Toy Story 3,8.3,92,"672,291",2010
1067,Black Swan,8.0,79,"643,120",2010
1068,How to Train Your Dragon,8.1,74,"602,725",2010
1069,The King's Speech,8.0,88,"588,674",2010
1070,The Social Network,7.7,95,"564,206",2010
1071,Kick-Ass,7.6,66,"493,535",2010
1072,Despicable Me,7.7,72,"460,081",2010
1073,Harry Potter and the Deathly Hallows: Part 1,7.7,65,"419,538",2010
1074,Tangled,7.8,71,"361,941",2010
1075,Scott Pilgrim vs. the World,7.5,69,"335,412",2010
1076,Easy A,7.1,72,"327,195",2010
1077,127 Hours,7.6,82,"320,961",2010
1078,The Town,7.6,74,"320,087",2010
1079,The Fighter,7.8,79,"314,373",2010
1080,True Grit,7.6,80,"281,555",2010
1081,Salt,6.4,65,"275,618",2010
1082,The Other Guys,6.7,64,"219,696",2010
1083,Megamind,7.3,63,"205,357",2010
1084,Unstoppable,6.8,69,"171,751",2010
1085,Blue Valentine,7.4,81,"168,800",2010
1086,Get Him to the Greek,6.4,65,"160,877",2010
1087,Hot Tub Time Machine,6.4,63,"153,104",2010
1088,Inception,8.8,74,"1,814,574",2010
1089,Shutter Island,8.1,63,"992,424",2010
1090,Toy Story 3,8.3,92,"672,291",2010
1091,Black Swan,8.0,79,"643,120",2010
1092,How to Train Your Dragon,8.1,74,"602,725",2010
1093,The King's Speech,8.0,88,"588,674",2010
1094,The Social Network,7.7,95,"564,206",2010
1095,Kick-Ass,7.6,66,"493,535",2010
1096,Despicable Me,7.7,72,"460,081",2010
1097,Harry Potter and the Deathly Hallows: Part 1,7.7,65,"419,538",2010
1098,Tangled,7.8,71,"361,941",2010
1099,Scott Pilgrim vs. the World,7.5,69,"335,412",2010
1100,Easy A,7.1,72,"327,195",2010
1101,127 Hours,7.6,82,"320,961",2010
1102,The Town,7.6,74,"320,087",2010
1103,The Fighter,7.8,79,"314,373",2010
1104,True Grit,7.6,80,"281,555",2010
1105,Salt,6.4,65,"275,618",2010
1106,The Other Guys,6.7,64,"219,696",2010
1107,Megamind,7.3,63,"205,357",2010
1108,Unstoppable,6.8,69,"171,751",2010
1109,Blue Valentine,7.4,81,"168,800",2010
1110,Get Him to the Greek,6.4,65,"160,877",2010
1111,Hot Tub Time Machine,6.4,63,"153,104",2010
1112,Harry Potter and the Deathly Hallows: Part 2,8.1,87,"683,400",2011
1113,Captain America: The First Avenger,6.9,66,"647,348",2011
1114,X: First Class,7.7,65,"602,226",2011
1115,Drive,7.8,78,"516,953",2011
1116,Rise of the Planet of the Apes,7.6,68,"469,648",2011
1117,Source Code,7.5,74,"448,578",2011
1118,"Crazy, Stupid, Love.",7.4,68,"433,971",2011
1119,Mission: Impossible - Ghost Protocol,7.4,73,"424,600",2011
1120,Warrior,8.2,71,"400,364",2011
1121,The Help,8.1,62,"388,925",2011
1122,The Girl with the Dragon Tattoo,7.8,71,"384,770",2011
1123,Midnight in Paris,7.7,81,"353,494",2011
1124,The Cabin in the Woods,7.0,72,"334,984",2011
1125,Fast Five,7.3,66,"327,390",2011
1126,Moneyball,7.6,87,"323,515",2011
1127,Super 8,7.0,72,"318,788",2011
1128,Friends with Benefits,6.6,63,"314,872",2011
1129,50/50,7.7,72,"298,748",2011
1130,Hugo,7.5,83,"283,053",2011
1131,Bridesmaids,6.8,75,"247,768",2011
1132,The Grey,6.8,64,"227,474",2011
1133,Kung Fu Panda 2,7.2,67,"225,424",2011
1134,The Descendants,7.3,84,"222,629",2011
1135,The Artist,7.9,89,"216,072",2011
1136,Rango,7.2,75,"213,864",2011
1137,The Ides of March,7.1,67,"206,595",2011
1138,The Adventures of Tintin,7.3,68,"201,059",2011
1139,Contagion,6.6,70,"200,332",2011
1140,Harry Potter and the Deathly Hallows: Part 2,8.1,87,"683,400",2011
1141,Captain America: The First Avenger,6.9,66,"647,348",2011
1142,X: First Class,7.7,65,"602,226",2011
1143,Drive,7.8,78,"516,953",2011
1144,Rise of the Planet of the Apes,7.6,68,"469,648",2011
1145,Source Code,7.5,74,"448,578",2011
1146,"Crazy, Stupid, Love.",7.4,68,"433,971",2011
1147,Mission: Impossible - Ghost Protocol,7.4,73,"424,600",2011
1148,Warrior,8.2,71,"400,364",2011
1149,The Help,8.1,62,"388,925",2011
1150,The Girl with the Dragon Tattoo,7.8,71,"384,770",2011
1151,Midnight in Paris,7.7,81,"353,494",2011
1152,The Cabin in the Woods,7.0,72,"334,984",2011
1153,Fast Five,7.3,66,"327,390",2011
1154,Moneyball,7.6,87,"323,515",2011
1155,Super 8,7.0,72,"318,788",2011
1156,Friends with Benefits,6.6,63,"314,872",2011
1157,50/50,7.7,72,"298,748",2011
1158,Hugo,7.5,83,"283,053",2011
1159,Bridesmaids,6.8,75,"247,768",2011
1160,The Grey,6.8,64,"227,474",2011
1161,Kung Fu Panda 2,7.2,67,"225,424",2011
1162,The Descendants,7.3,84,"222,629",2011
1163,The Artist,7.9,89,"216,072",2011
1164,Rango,7.2,75,"213,864",2011
1165,The Ides of March,7.1,67,"206,595",2011
1166,The Adventures of Tintin,7.3,68,"201,059",2011
1167,Contagion,6.6,70,"200,332",2011
1168,Harry Potter and the Deathly Hallows: Part 2,8.1,87,"683,400",2011
1169,Captain America: The First Avenger,6.9,66,"647,348",2011
1170,X: First Class,7.7,65,"602,226",2011
1171,Drive,7.8,78,"516,953",2011
1172,Rise of the Planet of the Apes,7.6,68,"469,648",2011
1173,Source Code,7.5,74,"448,578",2011
1174,"Crazy, Stupid, Love.",7.4,68,"433,971",2011
1175,Mission: Impossible - Ghost Protocol,7.4,73,"424,600",2011
1176,Warrior,8.2,71,"400,364",2011
1177,The Help,8.1,62,"388,925",2011
1178,The Girl with the Dragon Tattoo,7.8,71,"384,770",2011
1179,Midnight in Paris,7.7,81,"353,494",2011
1180,The Cabin in the Woods,7.0,72,"334,984",2011
1181,Fast Five,7.3,66,"327,390",2011
1182,Moneyball,7.6,87,"323,515",2011
1183,Super 8,7.0,72,"318,788",2011
1184,Friends with Benefits,6.6,63,"314,872",2011
1185,50/50,7.7,72,"298,748",2011
1186,Hugo,7.5,83,"283,053",2011
1187,Bridesmaids,6.8,75,"247,768",2011
1188,The Grey,6.8,64,"227,474",2011
1189,Kung Fu Panda 2,7.2,67,"225,424",2011
1190,The Descendants,7.3,84,"222,629",2011
1191,The Artist,7.9,89,"216,072",2011
1192,Rango,7.2,75,"213,864",2011
1193,The Ides of March,7.1,67,"206,595",2011
1194,The Adventures of Tintin,7.3,68,"201,059",2011
1195,Contagion,6.6,70,"200,332",2011
1196,Harry Potter and the Deathly Hallows: Part 2,8.1,87,"683,400",2011
1197,Captain America: The First Avenger,6.9,66,"647,348",2011
1198,X: First Class,7.7,65,"602,226",2011
1199,Drive,7.8,78,"516,953",2011
1200,Rise of the Planet of the Apes,7.6,68,"469,648",2011
1201,Source Code,7.5,74,"448,578",2011
1202,"Crazy, Stupid, Love.",7.4,68,"433,971",2011
1203,Mission: Impossible - Ghost Protocol,7.4,73,"424,600",2011
1204,Warrior,8.2,71,"400,364",2011
1205,The Help,8.1,62,"388,925",2011
1206,The Girl with the Dragon Tattoo,7.8,71,"384,770",2011
1207,Midnight in Paris,7.7,81,"353,494",2011
1208,The Cabin in the Woods,7.0,72,"334,984",2011
1209,Fast Five,7.3,66,"327,390",2011
1210,Moneyball,7.6,87,"323,515",2011
1211,Super 8,7.0,72,"318,788",2011
1212,Friends with Benefits,6.6,63,"314,872",2011
1213,50/50,7.7,72,"298,748",2011
1214,Hugo,7.5,83,"283,053",2011
1215,Bridesmaids,6.8,75,"247,768",2011
1216,The Grey,6.8,64,"227,474",2011
1217,Kung Fu Panda 2,7.2,67,"225,424",2011
1218,The Descendants,7.3,84,"222,629",2011
1219,The Artist,7.9,89,"216,072",2011
1220,Rango,7.2,75,"213,864",2011
1221,The Ides of March,7.1,67,"206,595",2011
1222,The Adventures of Tintin,7.3,68,"201,059",2011
1223,Contagion,6.6,70,"200,332",2011
1224,The Dark Knight Rises,8.4,78,"1,370,649",2012
1225,Django Unchained,8.4,81,"1,194,293",2012
1226,The Avengers,8.1,69,"1,159,937",2012
1227,The Hunger Games,7.2,68,"789,923",2012
1228,Silver Linings Playbook,7.7,81,"617,164",2012
1229,Skyfall,7.8,81,"588,451",2012
1230,Prometheus,7.0,64,"535,282",2012
1231,Ted,6.9,62,"534,485",2012
1232,Argo,7.7,86,"530,722",2012
1233,Life of Pi,7.9,79,"529,691",2012
1234,The Amazing Spider-Man,7.0,66,"520,109",2012
1235,Looper,7.4,84,"496,474",2012
1236,21 Jump Street,7.2,69,"473,929",2012
1237,The Perks of Being a Wallflower,8.0,67,"419,422",2012
1238,Wreck-It Ralph,7.7,72,"338,915",2012
1239,Brave,7.1,69,"334,725",2012
1240,Flight,7.3,76,"300,706",2012
1241,Moonrise Kingdom,7.8,84,"289,217",2012
1242,Les Misérables,7.6,63,"283,553",2012
1243,The Bourne Legacy,6.7,61,"266,774",2012
1244,Pitch Perfect,7.2,66,"254,272",2012
1245,Zero Dark Thirty,7.4,95,"248,735",2012
1246,Jagten,8.3,77,"237,490",2012
1247,Chronicle,7.1,69,"228,028",2012
1248,Lincoln,7.4,86,"227,148",2012
1249,The Place Beyond the Pines,7.3,68,"224,993",2012
1250,Seven Psychopaths,7.2,66,"221,777",2012
1251,End of Watch,7.6,68,"209,797",2012
1252,Lo imposible,7.6,73,"175,920",2012
1253,The Dark Knight Rises,8.4,78,"1,370,649",2012
1254,Django Unchained,8.4,81,"1,194,293",2012
1255,The Avengers,8.1,69,"1,159,937",2012
1256,The Hunger Games,7.2,68,"789,923",2012
1257,Silver Linings Playbook,7.7,81,"617,164",2012
1258,Skyfall,7.8,81,"588,451",2012
1259,Prometheus,7.0,64,"535,282",2012
1260,Ted,6.9,62,"534,485",2012
1261,Argo,7.7,86,"530,722",2012
1262,Life of Pi,7.9,79,"529,691",2012
1263,The Amazing Spider-Man,7.0,66,"520,109",2012
1264,Looper,7.4,84,"496,474",2012
1265,21 Jump Street,7.2,69,"473,929",2012
1266,The Perks of Being a Wallflower,8.0,67,"419,422",2012
1267,Wreck-It Ralph,7.7,72,"338,915",2012
1268,Brave,7.1,69,"334,725",2012
1269,Flight,7.3,76,"300,706",2012
1270,Moonrise Kingdom,7.8,84,"289,217",2012
1271,Les Misérables,7.6,63,"283,553",2012
1272,The Bourne Legacy,6.7,61,"266,774",2012
1273,Pitch Perfect,7.2,66,"254,272",2012
1274,Zero Dark Thirty,7.4,95,"248,735",2012
1275,Jagten,8.3,77,"237,490",2012
1276,Chronicle,7.1,69,"228,028",2012
1277,Lincoln,7.4,86,"227,148",2012
1278,The Place Beyond the Pines,7.3,68,"224,993",2012
1279,Seven Psychopaths,7.2,66,"221,777",2012
1280,End of Watch,7.6,68,"209,797",2012
1281,Lo imposible,7.6,73,"175,920",2012
1282,The Dark Knight Rises,8.4,78,"1,370,649",2012
1283,Django Unchained,8.4,81,"1,194,293",2012
1284,The Avengers,8.1,69,"1,159,937",2012
1285,The Hunger Games,7.2,68,"789,923",2012
1286,Silver Linings Playbook,7.7,81,"617,164",2012
1287,Skyfall,7.8,81,"588,451",2012
1288,Prometheus,7.0,64,"535,282",2012
1289,Ted,6.9,62,"534,485",2012
1290,Argo,7.7,86,"530,722",2012
1291,Life of Pi,7.9,79,"529,691",2012
1292,The Amazing Spider-Man,7.0,66,"520,109",2012
1293,Looper,7.4,84,"496,474",2012
1294,21 Jump Street,7.2,69,"473,929",2012
1295,The Perks of Being a Wallflower,8.0,67,"419,422",2012
1296,Wreck-It Ralph,7.7,72,"338,915",2012
1297,Brave,7.1,69,"334,725",2012
1298,Flight,7.3,76,"300,706",2012
1299,Moonrise Kingdom,7.8,84,"289,217",2012
1300,Les Misérables,7.6,63,"283,553",2012
1301,The Bourne Legacy,6.7,61,"266,774",2012
1302,Pitch Perfect,7.2,66,"254,272",2012
1303,Zero Dark Thirty,7.4,95,"248,735",2012
1304,Jagten,8.3,77,"237,490",2012
1305,Chronicle,7.1,69,"228,028",2012
1306,Lincoln,7.4,86,"227,148",2012
1307,The Place Beyond the Pines,7.3,68,"224,993",2012
1308,Seven Psychopaths,7.2,66,"221,777",2012
1309,End of Watch,7.6,68,"209,797",2012
1310,Lo imposible,7.6,73,"175,920",2012
1311,The Dark Knight Rises,8.4,78,"1,370,649",2012
1312,Django Unchained,8.4,81,"1,194,293",2012
1313,The Avengers,8.1,69,"1,159,937",2012
1314,The Hunger Games,7.2,68,"789,923",2012
1315,Silver Linings Playbook,7.7,81,"617,164",2012
1316,Skyfall,7.8,81,"588,451",2012
1317,Prometheus,7.0,64,"535,282",2012
1318,Ted,6.9,62,"534,485",2012
1319,Argo,7.7,86,"530,722",2012
1320,Life of Pi,7.9,79,"529,691",2012
1321,The Amazing Spider-Man,7.0,66,"520,109",2012
1322,Looper,7.4,84,"496,474",2012
1323,21 Jump Street,7.2,69,"473,929",2012
1324,The Perks of Being a Wallflower,8.0,67,"419,422",2012
1325,Wreck-It Ralph,7.7,72,"338,915",2012
1326,Brave,7.1,69,"334,725",2012
1327,Flight,7.3,76,"300,706",2012
1328,Moonrise Kingdom,7.8,84,"289,217",2012
1329,Les Misérables,7.6,63,"283,553",2012
1330,The Bourne Legacy,6.7,61,"266,774",2012
1331,Pitch Perfect,7.2,66,"254,272",2012
1332,Zero Dark Thirty,7.4,95,"248,735",2012
1333,Jagten,8.3,77,"237,490",2012
1334,Chronicle,7.1,69,"228,028",2012
1335,Lincoln,7.4,86,"227,148",2012
1336,The Place Beyond the Pines,7.3,68,"224,993",2012
1337,Seven Psychopaths,7.2,66,"221,777",2012
1338,End of Watch,7.6,68,"209,797",2012
1339,Lo imposible,7.6,73,"175,920",2012
1340,The Wolf of Wall Street,8.2,75,"1,019,983",2013
1341,Gravity,7.7,96,"702,100",2013
1342,Iron Man Three,7.2,62,"676,394",2013
1343,The Hunger Games: Catching Fire,7.5,76,"570,926",2013
1344,12 Years a Slave,8.1,96,"570,741",2013
1345,The Hobbit: The Desolation of Smaug,7.8,66,"561,188",2013
1346,World War Z,7.0,63,"548,064",2013
1347,Prisoners,8.1,74,"519,296",2013
1348,Frozen,7.5,74,"511,539",2013
1349,Her,8.0,90,"460,211",2013
1350,Star Trek Into Darkness,7.7,72,"443,394",2013
1351,Pacific Rim,6.9,65,"440,339",2013
1352,American Hustle,7.2,90,"415,315",2013
1353,Dallas Buyers Club,8.0,84,"399,059",2013
1354,The Wolverine,6.7,61,"396,153",2013
1355,Elysium,6.6,61,"392,419",2013
1356,The Conjuring,7.5,68,"390,626",2013
1357,Rush,8.1,75,"387,934",2013
1358,Captain Phillips,7.8,83,"384,090",2013
1359,This Is the End,6.6,67,"357,644",2013
1360,Furious 6,7.1,61,"344,240",2013
1361,Despicable Me 2,7.4,62,"340,941",2013
1362,Monsters University,7.3,65,"288,569",2013
1363,Snowpiercer,7.1,84,"233,202",2013
1364,The World's End,7.0,81,"230,355",2013
1365,Don Jon,6.6,66,"214,833",2013
1366,The Wolf of Wall Street,8.2,75,"1,019,983",2013
1367,Gravity,7.7,96,"702,100",2013
1368,Iron Man Three,7.2,62,"676,394",2013
1369,The Hunger Games: Catching Fire,7.5,76,"570,926",2013
1370,12 Years a Slave,8.1,96,"570,741",2013
1371,The Hobbit: The Desolation of Smaug,7.8,66,"561,188",2013
1372,World War Z,7.0,63,"548,064",2013
1373,Prisoners,8.1,74,"519,296",2013
1374,Frozen,7.5,74,"511,539",2013
1375,Her,8.0,90,"460,211",2013
1376,Star Trek Into Darkness,7.7,72,"443,394",2013
1377,Pacific Rim,6.9,65,"440,339",2013
1378,American Hustle,7.2,90,"415,315",2013
1379,Dallas Buyers Club,8.0,84,"399,059",2013
1380,The Wolverine,6.7,61,"396,153",2013
1381,Elysium,6.6,61,"392,419",2013
1382,The Conjuring,7.5,68,"390,626",2013
1383,Rush,8.1,75,"387,934",2013
1384,Captain Phillips,7.8,83,"384,090",2013
1385,This Is the End,6.6,67,"357,644",2013
1386,Furious 6,7.1,61,"344,240",2013
1387,Despicable Me 2,7.4,62,"340,941",2013
1388,Monsters University,7.3,65,"288,569",2013
1389,Snowpiercer,7.1,84,"233,202",2013
1390,The World's End,7.0,81,"230,355",2013
1391,Don Jon,6.6,66,"214,833",2013
1392,The Wolf of Wall Street,8.2,75,"1,019,983",2013
1393,Gravity,7.7,96,"702,100",2013
1394,Iron Man Three,7.2,62,"676,394",2013
1395,The Hunger Games: Catching Fire,7.5,76,"570,926",2013
1396,12 Years a Slave,8.1,96,"570,741",2013
1397,The Hobbit: The Desolation of Smaug,7.8,66,"561,188",2013
1398,World War Z,7.0,63,"548,064",2013
1399,Prisoners,8.1,74,"519,296",2013
1400,Frozen,7.5,74,"511,539",2013
1401,Her,8.0,90,"460,211",2013
1402,Star Trek Into Darkness,7.7,72,"443,394",2013
1403,Pacific Rim,6.9,65,"440,339",2013
1404,American Hustle,7.2,90,"415,315",2013
1405,Dallas Buyers Club,8.0,84,"399,059",2013
1406,The Wolverine,6.7,61,"396,153",2013
1407,Elysium,6.6,61,"392,419",2013
1408,The Conjuring,7.5,68,"390,626",2013
1409,Rush,8.1,75,"387,934",2013
1410,Captain Phillips,7.8,83,"384,090",2013
1411,This Is the End,6.6,67,"357,644",2013
1412,Furious 6,7.1,61,"344,240",2013
1413,Despicable Me 2,7.4,62,"340,941",2013
1414,Monsters University,7.3,65,"288,569",2013
1415,Snowpiercer,7.1,84,"233,202",2013
1416,The World's End,7.0,81,"230,355",2013
1417,Don Jon,6.6,66,"214,833",2013
1418,The Wolf of Wall Street,8.2,75,"1,019,983",2013
1419,Gravity,7.7,96,"702,100",2013
1420,Iron Man Three,7.2,62,"676,394",2013
1421,The Hunger Games: Catching Fire,7.5,76,"570,926",2013
1422,12 Years a Slave,8.1,96,"570,741",2013
1423,The Hobbit: The Desolation of Smaug,7.8,66,"561,188",2013
1424,World War Z,7.0,63,"548,064",2013
1425,Prisoners,8.1,74,"519,296",2013
1426,Frozen,7.5,74,"511,539",2013
1427,Her,8.0,90,"460,211",2013
1428,Star Trek Into Darkness,7.7,72,"443,394",2013
1429,Pacific Rim,6.9,65,"440,339",2013
1430,American Hustle,7.2,90,"415,315",2013
1431,Dallas Buyers Club,8.0,84,"399,059",2013
1432,The Wolverine,6.7,61,"396,153",2013
1433,Elysium,6.6,61,"392,419",2013
1434,The Conjuring,7.5,68,"390,626",2013
1435,Rush,8.1,75,"387,934",2013
1436,Captain Phillips,7.8,83,"384,090",2013
1437,This Is the End,6.6,67,"357,644",2013
1438,Furious 6,7.1,61,"344,240",2013
1439,Despicable Me 2,7.4,62,"340,941",2013
1440,Monsters University,7.3,65,"288,569",2013
1441,Snowpiercer,7.1,84,"233,202",2013
1442,The World's End,7.0,81,"230,355",2013
1443,Don Jon,6.6,66,"214,833",2013
1444,Interstellar,8.6,74,"1,274,133",2014
1445,Guardians of the Galaxy,8.1,76,"923,332",2014
1446,Gone Girl,8.1,79,"751,674",2014
1447,Captain America: The Winter Soldier,7.8,70,"647,182",2014
1448,The Grand Budapest Hotel,8.1,88,"626,106",2014
1449,The Imitation Game,8.0,73,"612,230",2014
1450,X-Men: Days of Future Past,8.0,75,"612,176",2014
1451,Whiplash,8.5,88,"604,057",2014
1452,Edge of Tomorrow,7.9,71,"540,459",2014
1453,Birdman or (The Unexpected Virtue of Ignorance),7.7,88,"512,802",2014
1454,John Wick,7.3,68,"424,317",2014
1455,Ex Machina,7.7,78,"418,286",2014
1456,Nightcrawler,7.9,76,"398,945",2014
1457,Lucy,6.4,61,"398,854",2014
1458,American Sniper,7.3,72,"398,038",2014
1459,Dawn of the Planet of the Apes,7.6,79,"386,869",2014
1460,Fury,7.6,64,"377,775",2014
1461,The Hunger Games: Mockingjay - Part 1,6.7,64,"374,916",2014
1462,Big Hero 6,7.8,74,"365,330",2014
1463,The Theory of Everything,7.7,72,"356,600",2014
1464,Godzilla,6.4,62,"343,863",2014
1465,22 Jump Street,7.0,71,"316,237",2014
1466,Boyhood,7.9,100,"313,617",2014
1467,The Fault in Our Stars,7.7,69,"311,604",2014
1468,The Lego Movie,7.8,83,"300,782",2014
1469,How to Train Your Dragon 2,7.8,76,"272,838",2014
1470,Neighbors,6.3,68,"263,661",2014
1471,Noah,5.8,68,"227,682",2014
1472,Predestination,7.5,69,"222,643",2014
1473,It Follows,6.8,83,"179,733",2014
1474,Chef,7.3,68,"171,471",2014
1475,Interstellar,8.6,74,"1,274,133",2014
1476,Guardians of the Galaxy,8.1,76,"923,332",2014
1477,Gone Girl,8.1,79,"751,674",2014
1478,Captain America: The Winter Soldier,7.8,70,"647,182",2014
1479,The Grand Budapest Hotel,8.1,88,"626,106",2014
1480,The Imitation Game,8.0,73,"612,230",2014
1481,X-Men: Days of Future Past,8.0,75,"612,176",2014
1482,Whiplash,8.5,88,"604,057",2014
1483,Edge of Tomorrow,7.9,71,"540,459",2014
1484,Birdman or (The Unexpected Virtue of Ignorance),7.7,88,"512,802",2014
1485,John Wick,7.3,68,"424,317",2014
1486,Ex Machina,7.7,78,"418,286",2014
1487,Nightcrawler,7.9,76,"398,945",2014
1488,Lucy,6.4,61,"398,854",2014
1489,American Sniper,7.3,72,"398,038",2014
1490,Dawn of the Planet of the Apes,7.6,79,"386,869",2014
1491,Fury,7.6,64,"377,775",2014
1492,The Hunger Games: Mockingjay - Part 1,6.7,64,"374,916",2014
1493,Big Hero 6,7.8,74,"365,330",2014
1494,The Theory of Everything,7.7,72,"356,600",2014
1495,Godzilla,6.4,62,"343,863",2014
1496,22 Jump Street,7.0,71,"316,237",2014
1497,Boyhood,7.9,100,"313,617",2014
1498,The Fault in Our Stars,7.7,69,"311,604",2014
1499,The Lego Movie,7.8,83,"300,782",2014
1500,How to Train Your Dragon 2,7.8,76,"272,838",2014
1501,Neighbors,6.3,68,"263,661",2014
1502,Noah,5.8,68,"227,682",2014
1503,Predestination,7.5,69,"222,643",2014
1504,It Follows,6.8,83,"179,733",2014
1505,Chef,7.3,68,"171,471",2014
1506,Interstellar,8.6,74,"1,274,133",2014
1507,Guardians of the Galaxy,8.1,76,"923,332",2014
1508,Gone Girl,8.1,79,"751,674",2014
1509,Captain America: The Winter Soldier,7.8,70,"647,182",2014
1510,The Grand Budapest Hotel,8.1,88,"626,106",2014
1511,The Imitation Game,8.0,73,"612,230",2014
1512,X-Men: Days of Future Past,8.0,75,"612,176",2014
1513,Whiplash,8.5,88,"604,057",2014
1514,Edge of Tomorrow,7.9,71,"540,459",2014
1515,Birdman or (The Unexpected Virtue of Ignorance),7.7,88,"512,802",2014
1516,John Wick,7.3,68,"424,317",2014
1517,Ex Machina,7.7,78,"418,286",2014
1518,Nightcrawler,7.9,76,"398,945",2014
1519,Lucy,6.4,61,"398,854",2014
1520,American Sniper,7.3,72,"398,038",2014
1521,Dawn of the Planet of the Apes,7.6,79,"386,869",2014
1522,Fury,7.6,64,"377,775",2014
1523,The Hunger Games: Mockingjay - Part 1,6.7,64,"374,916",2014
1524,Big Hero 6,7.8,74,"365,330",2014
1525,The Theory of Everything,7.7,72,"356,600",2014
1526,Godzilla,6.4,62,"343,863",2014
1527,22 Jump Street,7.0,71,"316,237",2014
1528,Boyhood,7.9,100,"313,617",2014
1529,The Fault in Our Stars,7.7,69,"311,604",2014
1530,The Lego Movie,7.8,83,"300,782",2014
1531,How to Train Your Dragon 2,7.8,76,"272,838",2014
1532,Neighbors,6.3,68,"263,661",2014
1533,Noah,5.8,68,"227,682",2014
1534,Predestination,7.5,69,"222,643",2014
1535,It Follows,6.8,83,"179,733",2014
1536,Chef,7.3,68,"171,471",2014
1537,Interstellar,8.6,74,"1,274,133",2014
1538,Guardians of the Galaxy,8.1,76,"923,332",2014
1539,Gone Girl,8.1,79,"751,674",2014
1540,Captain America: The Winter Soldier,7.8,70,"647,182",2014
1541,The Grand Budapest Hotel,8.1,88,"626,106",2014
1542,The Imitation Game,8.0,73,"612,230",2014
1543,X-Men: Days of Future Past,8.0,75,"612,176",2014
1544,Whiplash,8.5,88,"604,057",2014
1545,Edge of Tomorrow,7.9,71,"540,459",2014
1546,Birdman or (The Unexpected Virtue of Ignorance),7.7,88,"512,802",2014
1547,John Wick,7.3,68,"424,317",2014
1548,Ex Machina,7.7,78,"418,286",2014
1549,Nightcrawler,7.9,76,"398,945",2014
1550,Lucy,6.4,61,"398,854",2014
1551,American Sniper,7.3,72,"398,038",2014
1552,Dawn of the Planet of the Apes,7.6,79,"386,869",2014
1553,Fury,7.6,64,"377,775",2014
1554,The Hunger Games: Mockingjay - Part 1,6.7,64,"374,916",2014
1555,Big Hero 6,7.8,74,"365,330",2014
1556,The Theory of Everything,7.7,72,"356,600",2014
1557,Godzilla,6.4,62,"343,863",2014
1558,22 Jump Street,7.0,71,"316,237",2014
1559,Boyhood,7.9,100,"313,617",2014
1560,The Fault in Our Stars,7.7,69,"311,604",2014
1561,The Lego Movie,7.8,83,"300,782",2014
1562,How to Train Your Dragon 2,7.8,76,"272,838",2014
1563,Neighbors,6.3,68,"263,661",2014
1564,Noah,5.8,68,"227,682",2014
1565,Predestination,7.5,69,"222,643",2014
1566,It Follows,6.8,83,"179,733",2014
1567,Chef,7.3,68,"171,471",2014
1568,Star Wars: Episode VII - The Force Awakens,8.0,81,"776,603",2015
1569,Mad Max: Fury Road,8.1,90,"769,481",2015
1570,The Martian,8.0,80,"669,378",2015
1571,Avengers: Age of Ultron,7.4,66,"640,420",2015
1572,The Revenant,8.0,76,"610,423",2015
1573,Inside Out,8.2,94,"526,902",2015
1574,Ant-Man,7.3,64,"483,216",2015
1575,The Hateful Eight,7.8,68,"426,083",2015
1576,Spotlight,8.1,93,"359,253",2015
1577,Furious Seven,7.2,67,"332,349",2015
1578,Sicario,7.6,82,"323,792",2015
1579,Room,8.2,86,"310,214",2015
1580,Mission: Impossible - Rogue Nation,7.4,75,"307,884",2015
1581,The Big Short,7.8,81,"304,477",2015
1582,Bridge of Spies,7.6,81,"260,399",2015
1583,The Hunger Games: Mockingjay - Part 2,6.6,65,"248,075",2015
1584,Creed,7.6,82,"220,849",2015
1585,Spy,7.0,75,"212,261",2015
1586,Everest,7.1,64,"179,580",2015
1587,The Lobster,7.1,82,"178,622",2015
1588,Straight Outta Compton,7.9,72,"163,780",2015
1589,Black Mass,6.9,68,"154,664",2015
1590,The VVitch: A New-England Folktale,6.8,83,"150,257",2015
1591,The Danish Girl,7.1,66,"145,111",2015
1592,Cinderella,6.9,67,"140,338",2015
1593,Steve Jobs,7.2,82,"137,361",2015
1594,Star Wars: Episode VII - The Force Awakens,8.0,81,"776,603",2015
1595,Mad Max: Fury Road,8.1,90,"769,481",2015
1596,The Martian,8.0,80,"669,378",2015
1597,Avengers: Age of Ultron,7.4,66,"640,420",2015
1598,The Revenant,8.0,76,"610,423",2015
1599,Inside Out,8.2,94,"526,902",2015
1600,Ant-Man,7.3,64,"483,216",2015
1601,The Hateful Eight,7.8,68,"426,083",2015
1602,Spotlight,8.1,93,"359,253",2015
1603,Furious Seven,7.2,67,"332,349",2015
1604,Sicario,7.6,82,"323,792",2015
1605,Room,8.2,86,"310,214",2015
1606,Mission: Impossible - Rogue Nation,7.4,75,"307,884",2015
1607,The Big Short,7.8,81,"304,477",2015
1608,Bridge of Spies,7.6,81,"260,399",2015
1609,The Hunger Games: Mockingjay - Part 2,6.6,65,"248,075",2015
1610,Creed,7.6,82,"220,849",2015
1611,Spy,7.0,75,"212,261",2015
1612,Everest,7.1,64,"179,580",2015
1613,The Lobster,7.1,82,"178,622",2015
1614,Straight Outta Compton,7.9,72,"163,780",2015
1615,Black Mass,6.9,68,"154,664",2015
1616,The VVitch: A New-England Folktale,6.8,83,"150,257",2015
1617,The Danish Girl,7.1,66,"145,111",2015
1618,Cinderella,6.9,67,"140,338",2015
1619,Steve Jobs,7.2,82,"137,361",2015
1620,Star Wars: Episode VII - The Force Awakens,8.0,81,"776,603",2015
1621,Mad Max: Fury Road,8.1,90,"769,481",2015
1622,The Martian,8.0,80,"669,378",2015
1623,Avengers: Age of Ultron,7.4,66,"640,420",2015
1624,The Revenant,8.0,76,"610,423",2015
1625,Inside Out,8.2,94,"526,902",2015
1626,Ant-Man,7.3,64,"483,216",2015
1627,The Hateful Eight,7.8,68,"426,083",2015
1628,Spotlight,8.1,93,"359,253",2015
1629,Furious Seven,7.2,67,"332,349",2015
1630,Sicario,7.6,82,"323,792",2015
1631,Room,8.2,86,"310,214",2015
1632,Mission: Impossible - Rogue Nation,7.4,75,"307,884",2015
1633,The Big Short,7.8,81,"304,477",2015
1634,Bridge of Spies,7.6,81,"260,399",2015
1635,The Hunger Games: Mockingjay - Part 2,6.6,65,"248,075",2015
1636,Creed,7.6,82,"220,849",2015
1637,Spy,7.0,75,"212,261",2015
1638,Everest,7.1,64,"179,580",2015
1639,The Lobster,7.1,82,"178,622",2015
1640,Straight Outta Compton,7.9,72,"163,780",2015
1641,Black Mass,6.9,68,"154,664",2015
1642,The VVitch: A New-England Folktale,6.8,83,"150,257",2015
1643,The Danish Girl,7.1,66,"145,111",2015
1644,Cinderella,6.9,67,"140,338",2015
1645,Steve Jobs,7.2,82,"137,361",2015
1646,Star Wars: Episode VII - The Force Awakens,8.0,81,"776,603",2015
1647,Mad Max: Fury Road,8.1,90,"769,481",2015
1648,The Martian,8.0,80,"669,378",2015
1649,Avengers: Age of Ultron,7.4,66,"640,420",2015
1650,The Revenant,8.0,76,"610,423",2015
1651,Inside Out,8.2,94,"526,902",2015
1652,Ant-Man,7.3,64,"483,216",2015
1653,The Hateful Eight,7.8,68,"426,083",2015
1654,Spotlight,8.1,93,"359,253",2015
1655,Furious Seven,7.2,67,"332,349",2015
1656,Sicario,7.6,82,"323,792",2015
1657,Room,8.2,86,"310,214",2015
1658,Mission: Impossible - Rogue Nation,7.4,75,"307,884",2015
1659,The Big Short,7.8,81,"304,477",2015
1660,Bridge of Spies,7.6,81,"260,399",2015
1661,The Hunger Games: Mockingjay - Part 2,6.6,65,"248,075",2015
1662,Creed,7.6,82,"220,849",2015
1663,Spy,7.0,75,"212,261",2015
1664,Everest,7.1,64,"179,580",2015
1665,The Lobster,7.1,82,"178,622",2015
1666,Straight Outta Compton,7.9,72,"163,780",2015
1667,Black Mass,6.9,68,"154,664",2015
1668,The VVitch: A New-England Folktale,6.8,83,"150,257",2015
1669,The Danish Girl,7.1,66,"145,111",2015
1670,Cinderella,6.9,67,"140,338",2015
1671,Steve Jobs,7.2,82,"137,361",2015
1672,Deadpool,8.0,65,"806,574",2016
1673,Captain America: Civil War,7.8,75,"560,567",2016
1674,Arrival,7.9,81,"504,643",2016
1675,Doctor Strange,7.5,72,"492,800",2016
1676,Rogue One,7.8,65,"469,617",2016
1677,La La Land,8.0,93,"427,099",2016
1678,Zootopia,8.0,78,"376,582",2016
1679,Hacksaw Ridge,8.1,71,"359,161",2016
1680,Fantastic Beasts and Where to Find Them,7.3,66,"358,549",2016
1681,Split,7.3,62,"342,754",2016
1682,10 Cloverfield Lane,7.2,76,"257,183",2016
1683,The Jungle Book,7.4,77,"238,628",2016
1684,The Nice Guys,7.4,70,"236,096",2016
1685,Moonlight,7.4,99,"223,066",2016
1686,Moana,7.6,81,"219,518",2016
1687,Manchester by the Sea,7.8,96,"211,149",2016
1688,Finding Dory,7.3,77,"210,114",2016
1689,Star Trek Beyond,7.1,68,"207,520",2016
1690,Nocturnal Animals,7.5,67,"202,023",2016
1691,Sully,7.5,74,"199,059",2016
1692,The Conjuring 2,7.4,65,"190,170",2016
1693,Don't Breathe,7.1,71,"183,198",2016
1694,Lion,8.1,69,"178,374",2016
1695,Hell or High Water,7.6,88,"172,772",2016
1696,Hidden Figures,7.8,74,"168,021",2016
1697,The Secret Life of Pets,6.5,61,"158,784",2016
1698,Sausage Party,6.2,66,"157,041",2016
1699,Captain Fantastic,7.9,72,"156,412",2016
1700,Deadpool,8.0,65,"806,574",2016
1701,Captain America: Civil War,7.8,75,"560,567",2016
1702,Arrival,7.9,81,"504,643",2016
1703,Doctor Strange,7.5,72,"492,800",2016
1704,Rogue One,7.8,65,"469,617",2016
1705,La La Land,8.0,93,"427,099",2016
1706,Zootopia,8.0,78,"376,582",2016
1707,Hacksaw Ridge,8.1,71,"359,161",2016
1708,Fantastic Beasts and Where to Find Them,7.3,66,"358,549",2016
1709,Split,7.3,62,"342,754",2016
1710,10 Cloverfield Lane,7.2,76,"257,183",2016
1711,The Jungle Book,7.4,77,"238,628",2016
1712,The Nice Guys,7.4,70,"236,096",2016
1713,Moonlight,7.4,99,"223,066",2016
1714,Moana,7.6,81,"219,518",2016
1715,Manchester by the Sea,7.8,96,"211,149",2016
1716,Finding Dory,7.3,77,"210,114",2016
1717,Star Trek Beyond,7.1,68,"207,520",2016
1718,Nocturnal Animals,7.5,67,"202,023",2016
1719,Sully,7.5,74,"199,059",2016
1720,The Conjuring 2,7.4,65,"190,170",2016
1721,Don't Breathe,7.1,71,"183,198",2016
1722,Lion,8.1,69,"178,374",2016
1723,Hell or High Water,7.6,88,"172,772",2016
1724,Hidden Figures,7.8,74,"168,021",2016
1725,The Secret Life of Pets,6.5,61,"158,784",2016
1726,Sausage Party,6.2,66,"157,041",2016
1727,Captain Fantastic,7.9,72,"156,412",2016
1728,Deadpool,8.0,65,"806,574",2016
1729,Captain America: Civil War,7.8,75,"560,567",2016
1730,Arrival,7.9,81,"504,643",2016
1731,Doctor Strange,7.5,72,"492,800",2016
1732,Rogue One,7.8,65,"469,617",2016
1733,La La Land,8.0,93,"427,099",2016
1734,Zootopia,8.0,78,"376,582",2016
1735,Hacksaw Ridge,8.1,71,"359,161",2016
1736,Fantastic Beasts and Where to Find Them,7.3,66,"358,549",2016
1737,Split,7.3,62,"342,754",2016
1738,10 Cloverfield Lane,7.2,76,"257,183",2016
1739,The Jungle Book,7.4,77,"238,628",2016
1740,The Nice Guys,7.4,70,"236,096",2016
1741,Moonlight,7.4,99,"223,066",2016
1742,Moana,7.6,81,"219,518",2016
1743,Manchester by the Sea,7.8,96,"211,149",2016
1744,Finding Dory,7.3,77,"210,114",2016
1745,Star Trek Beyond,7.1,68,"207,520",2016
1746,Nocturnal Animals,7.5,67,"202,023",2016
1747,Sully,7.5,74,"199,059",2016
1748,The Conjuring 2,7.4,65,"190,170",2016
1749,Don't Breathe,7.1,71,"183,198",2016
1750,Lion,8.1,69,"178,374",2016
1751,Hell or High Water,7.6,88,"172,772",2016
1752,Hidden Figures,7.8,74,"168,021",2016
1753,The Secret Life of Pets,6.5,61,"158,784",2016
1754,Sausage Party,6.2,66,"157,041",2016
1755,Captain Fantastic,7.9,72,"156,412",2016
1756,Deadpool,8.0,65,"806,574",2016
1757,Captain America: Civil War,7.8,75,"560,567",2016
1758,Arrival,7.9,81,"504,643",2016
1759,Doctor Strange,7.5,72,"492,800",2016
1760,Rogue One,7.8,65,"469,617",2016
1761,La La Land,8.0,93,"427,099",2016
1762,Zootopia,8.0,78,"376,582",2016
1763,Hacksaw Ridge,8.1,71,"359,161",2016
1764,Fantastic Beasts and Where to Find Them,7.3,66,"358,549",2016
1765,Split,7.3,62,"342,754",2016
1766,10 Cloverfield Lane,7.2,76,"257,183",2016
1767,The Jungle Book,7.4,77,"238,628",2016
1768,The Nice Guys,7.4,70,"236,096",2016
1769,Moonlight,7.4,99,"223,066",2016
1770,Moana,7.6,81,"219,518",2016
1771,Manchester by the Sea,7.8,96,"211,149",2016
1772,Finding Dory,7.3,77,"210,114",2016
1773,Star Trek Beyond,7.1,68,"207,520",2016
1774,Nocturnal Animals,7.5,67,"202,023",2016
1775,Sully,7.5,74,"199,059",2016
1776,The Conjuring 2,7.4,65,"190,170",2016
1777,Don't Breathe,7.1,71,"183,198",2016
1778,Lion,8.1,69,"178,374",2016
1779,Hell or High Water,7.6,88,"172,772",2016
1780,Hidden Figures,7.8,74,"168,021",2016
1781,The Secret Life of Pets,6.5,61,"158,784",2016
1782,Sausage Party,6.2,66,"157,041",2016
1783,Captain Fantastic,7.9,72,"156,412",2016
1784,Logan,8.1,77,"544,996",2017
1785,Wonder Woman,7.5,76,"474,603",2017
1786,Guardians of the Galaxy Vol. 2,7.7,67,"458,547",2017
1787,Dunkirk,7.9,94,"455,986",2017
1788,Star Wars: Episode VIII - The Last Jedi,7.2,85,"451,679",2017
1789,Thor: Ragnarok,7.9,74,"449,522",2017
1790,Spider-Man: Homecoming,7.5,73,"402,972",2017
1791,Get Out,7.7,84,"383,310",2017
1792,Blade Runner 2049,8.0,81,"368,375",2017
1793,Baby Driver,7.6,86,"352,559",2017
1794,It,7.4,69,"345,206",2017
1795,"Three Billboards Outside Ebbing, Missouri",8.2,88,"332,155",2017
1796,The Shape of Water,7.3,87,"298,682",2017
1797,John Wick: Chapter 2,7.5,75,"266,427",2017
1798,Coco,8.4,81,"264,717",2017
1799,Beauty and the Beast,7.2,65,"232,855",2017
1800,Kong: Skull Island,6.6,62,"231,285",2017
1801,Alien: Covenant,6.4,65,"222,613",2017
1802,War for the Planet of the Apes,7.5,82,"197,567",2017
1803,Lady Bird,7.4,94,"172,182",2017
1804,Wind River,7.7,73,"164,520",2017
1805,Mother!,6.6,75,"151,924",2017
1806,Call Me by Your Name,7.9,93,"148,611",2017
1807,Atomic Blonde,6.7,63,"146,529",2017
1808,"I, Tonya",7.5,77,"136,784",2017
1809,Darkest Hour,7.4,75,"133,035",2017
1810,American Made,7.2,65,"127,184",2017
1811,The Lego Batman Movie,7.3,75,"113,909",2017
1812,The Disaster Artist,7.4,76,"108,732",2017
1813,Logan,8.1,77,"544,996",2017
1814,Wonder Woman,7.5,76,"474,603",2017
1815,Guardians of the Galaxy Vol. 2,7.7,67,"458,547",2017
1816,Dunkirk,7.9,94,"455,986",2017
1817,Star Wars: Episode VIII - The Last Jedi,7.2,85,"451,679",2017
1818,Thor: Ragnarok,7.9,74,"449,522",2017
1819,Spider-Man: Homecoming,7.5,73,"402,972",2017
1820,Get Out,7.7,84,"383,310",2017
1821,Blade Runner 2049,8.0,81,"368,375",2017
1822,Baby Driver,7.6,86,"352,559",2017
1823,It,7.4,69,"345,206",2017
1824,"Three Billboards Outside Ebbing, Missouri",8.2,88,"332,155",2017
1825,The Shape of Water,7.3,87,"298,682",2017
1826,John Wick: Chapter 2,7.5,75,"266,427",2017
1827,Coco,8.4,81,"264,717",2017
1828,Beauty and the Beast,7.2,65,"232,855",2017
1829,Kong: Skull Island,6.6,62,"231,285",2017
1830,Alien: Covenant,6.4,65,"222,613",2017
1831,War for the Planet of the Apes,7.5,82,"197,567",2017
1832,Lady Bird,7.4,94,"172,182",2017
1833,Wind River,7.7,73,"164,520",2017
1834,Mother!,6.6,75,"151,924",2017
1835,Call Me by Your Name,7.9,93,"148,611",2017
1836,Atomic Blonde,6.7,63,"146,529",2017
1837,"I, Tonya",7.5,77,"136,784",2017
1838,Darkest Hour,7.4,75,"133,035",2017
1839,American Made,7.2,65,"127,184",2017
1840,The Lego Batman Movie,7.3,75,"113,909",2017
1841,The Disaster Artist,7.4,76,"108,732",2017
1842,Logan,8.1,77,"544,996",2017
1843,Wonder Woman,7.5,76,"474,603",2017
1844,Guardians of the Galaxy Vol. 2,7.7,67,"458,547",2017
1845,Dunkirk,7.9,94,"455,986",2017
1846,Star Wars: Episode VIII - The Last Jedi,7.2,85,"451,679",2017
1847,Thor: Ragnarok,7.9,74,"449,522",2017
1848,Spider-Man: Homecoming,7.5,73,"402,972",2017
1849,Get Out,7.7,84,"383,310",2017
1850,Blade Runner 2049,8.0,81,"368,375",2017
1851,Baby Driver,7.6,86,"352,559",2017
1852,It,7.4,69,"345,206",2017
1853,"Three Billboards Outside Ebbing, Missouri",8.2,88,"332,155",2017
1854,The Shape of Water,7.3,87,"298,682",2017
1855,John Wick: Chapter 2,7.5,75,"266,427",2017
1856,Coco,8.4,81,"264,717",2017
1857,Beauty and the Beast,7.2,65,"232,855",2017
1858,Kong: Skull Island,6.6,62,"231,285",2017
1859,Alien: Covenant,6.4,65,"222,613",2017
1860,War for the Planet of the Apes,7.5,82,"197,567",2017
1861,Lady Bird,7.4,94,"172,182",2017
1862,Wind River,7.7,73,"164,520",2017
1863,Mother!,6.6,75,"151,924",2017
1864,Call Me by Your Name,7.9,93,"148,611",2017
1865,Atomic Blonde,6.7,63,"146,529",2017
1866,"I, Tonya",7.5,77,"136,784",2017
1867,Darkest Hour,7.4,75,"133,035",2017
1868,American Made,7.2,65,"127,184",2017
1869,The Lego Batman Movie,7.3,75,"113,909",2017
1870,The Disaster Artist,7.4,76,"108,732",2017
1871,Logan,8.1,77,"544,996",2017
1872,Wonder Woman,7.5,76,"474,603",2017
1873,Guardians of the Galaxy Vol. 2,7.7,67,"458,547",2017
1874,Dunkirk,7.9,94,"455,986",2017
1875,Star Wars: Episode VIII - The Last Jedi,7.2,85,"451,679",2017
1876,Thor: Ragnarok,7.9,74,"449,522",2017
1877,Spider-Man: Homecoming,7.5,73,"402,972",2017
1878,Get Out,7.7,84,"383,310",2017
1879,Blade Runner 2049,8.0,81,"368,375",2017
1880,Baby Driver,7.6,86,"352,559",2017
1881,It,7.4,69,"345,206",2017
1882,"Three Billboards Outside Ebbing, Missouri",8.2,88,"332,155",2017
1883,The Shape of Water,7.3,87,"298,682",2017
1884,John Wick: Chapter 2,7.5,75,"266,427",2017
1885,Coco,8.4,81,"264,717",2017
1886,Beauty and the Beast,7.2,65,"232,855",2017
1887,Kong: Skull Island,6.6,62,"231,285",2017
1888,Alien: Covenant,6.4,65,"222,613",2017
1889,War for the Planet of the Apes,7.5,82,"197,567",2017
1890,Lady Bird,7.4,94,"172,182",2017
1891,Wind River,7.7,73,"164,520",2017
1892,Mother!,6.6,75,"151,924",2017
1893,Call Me by Your Name,7.9,93,"148,611",2017
1894,Atomic Blonde,6.7,63,"146,529",2017
1895,"I, Tonya",7.5,77,"136,784",2017
1896,Darkest Hour,7.4,75,"133,035",2017
1897,American Made,7.2,65,"127,184",2017
1898,The Lego Batman Movie,7.3,75,"113,909",2017
1899,The Disaster Artist,7.4,76,"108,732",2017
